Workbook

Sheet dr edi dan tamu
B3: Rekap Makan dr edi | C3: Tanggal | AH3: Total | AI3: Harga | AJ3: Jumlah
C4: 1 | D4: 2 | E4: 3 | F4: 4 | G4: 5 | H4: 6 | I4: 7 | J4: 8 | K4: 9 | L4: 10 | M4: 11 | N4: 12 | O4: 13 | P4: 14 | Q4: 15 | R4: 16 | S4: 17 | T4: 18 | U4: 19 | V4: 20 | W4: 21 | X4: 22 | Y4: 23 | Z4: 24 | AA4: 25 | AB4: 26 | AC4: 27 | AD4: 28 | AE4: 29 | AF4: 30 | AG4: 31
B5: jml | C5: 1 | H5: 0 | J5: 1 | K5: 1 | L5: 0 | M5: 0 | N5: 0 | O5: 0 | Q5: 1 | R5: 0 | S5: 1 | T5: 0 | U5: 0 | V5: 0 | W5: 1 | X5: 0 | Z5: 1 | AA5: 1 | AC5: 0 | AH5: =SUM(C5:AG5) -> 8 | AI5: 30000 | AJ5: =AH5*AI5 -> 240000
B8: Rekap Snack dr edi | C8: buah | D8: le mineral 330 | E8: snack | F8: pocari | G8: buavita | H8: BEAR BRAND | I8: YAKULT | J8: PUDING' | K8: susu ultra mini | M8: tgl | N8: tamu | O8: snack | P8: roti | Q8: le mineral 330 | R8: cleo 240ml | T8: tgl | U8: management | V8: snack | W8: roti | X8: le mineral 330 | Y8: jus | Z8: cleo 240ml | AA8: Makan
B10: 1,9,26 | C10: 1 | D10: 2 | K10: 2 | T10: 05.09.2026 | U10: marketing | V10: 76 | X10: 48
B11: 2,9,26 | T11: 8,9,26 | U11: dr feny | V11: 10 | X11: 10
U12: tamu bunse | X12: 7
B13: 03.09.26 | D13: 2 | T13: 07.09.2026 | U13: pt | X13: 24
B14: 4,9,26 | T14: 07.09.26 | U14: aula 4a | X14: 15
B15: 46270 | C15: 0 | D15: 0 | E15: 0 | F15: 0 | G15: 0 | T15: 07.09.26 | U15: aula 4b | X15: 8
B16: 6,9,26 | C16: 0 | D16: 0 | T16: 11.9.26 | U16: snack haji | V16: 4
B17: 7,9,26 | D17: 2 | E17: 2 | T17: 12,9,26 | U17: mcu haji | V17: 2
B18: 8,9,26 | C18: 1 | D18: 2 | K18: 2 | U18: aula 4a | V18: 20 | X18: 24
B19: 09,09,2026 | E19: 2 | G19: 1 | I19: 1 | U19: pembicara dr amar aula1 | V19: 1 | X19: 2 | AA19: 1
B20: 10,09,2026 | C20: 1 | D20: 2 | T20: 14.09.26 | U20: rapat dr.fenny aula4a | X20: 15
B21: 11.9.26 | C21: 1 | D21: 2 | E21: 2 | I21: 2 | T21: 17,09,26 | U21: rapat dokter umum | X21: 25 | Y21: 25 | AA21: 25
B22: 12,9,26 | C22: 0 | D22: 0 | T22: 16.9.26 | U22: rapat mutu | W22: 20 | X22: 24
B23: 13.09.26 | C23: 0 | D23: 0 | E23: 0 | F23: 0 | U23: rapat pak sodik | X23: 20
B24: 14.09.26 | D24: 2 | E24: 2 | H24: 1 | U24: mfk | Z24: 40
B25: 15,9,26 | C25: 2 | D25: 2 | K25: 2 | U25: rapat adm | V25: 11 | X25: 31
B26: 16,05,2026 | D26: 2 | E26: 2 | G26: 1 | T26: 21,9,26 | U26: rapat manajemen | X26: 25
B27: 17,09,26 | C27: 1 | D27: 2 | F27: 1 | I27: 1 | U27: dr nilla | AA27: 1
B28: 18.9.26 | C28: 1 | D28: 2 | E28: 2 | I28: 2
B30: 20,09,2026 | C30: 0 | D30: 0 | E30: 0
B31: 21.09.2026 | C31: 0 | D31: 2 | E31: 1 | F31: 0 | G31: 0 | H31: 1 | J31: 0 | K31: 0
B32: 22,09,2026 | C32: 2 | D32: 2 | K32: 1
M33: Total | O33: =SUM(O10:O32) -> 0 | T33: Total | V33: =SUM(V10:V32) -> 124 | W33: =SUM(W10:W32) -> 20 | X33: =SUM(X10:X32) -> 278 | Y33: =SUM(Y10:Y32) -> 25 | Z33: =SUM(Z10:Z32) -> 40 | AA33: =SUM(AA10:AA32) -> 27
B34: 24,09,26 | C34: 1 | D34: 2 | F34: 1 | O34: 13000 | V34: 13000 | W34: 7500 | X34: 1540 | Y34: 10000 | Z34: 458
B35: 25,9,26 | C35: 1 | D35: 2 | E35: 1 | I35: 2
B36: 26,9,26 | O36: =O34*O33 -> 0 | P36: =SUM(P10:P32) -> 0 | Q36: =SUM(Q10:Q32) -> 0 | R36: =SUM(R10:R32) -> 0 | V36: =V34*V33 -> 1612000 | W36: =W34*W33 -> 150000 | X36: =X34*X33 -> 428120 | Y36: =Y34*Y33 -> 250000 | Z36: =Z34*Z33 -> 18320 | AA36: =AA34*AA33 -> 0
B37: 27,9,26 | C37: 0 | D37: 0 | E37: 0 | M37: total semua | O37: =O36+P39+Q39+R39 -> 0 | P37: 7500 | Q37: 1541 | R37: 458 | T37: total semua | V37: =V36+W36+X36+Y36+Z36 -> 2458440
B38: 28,09,2026 | D38: 2 | E38: 2 | H38: 1 | M38: harga snack | N38: 15000
P39: =P37*P36 -> 0 | Q39: =Q37*Q36 -> 0 | R39: =R37*R36 -> 0
B43: Total | C43: =SUM(C10:C42) -> 12 | D43: =SUM(D10:D42) -> 32 | E43: =SUM(E10:E42) -> 16 | F43: =SUM(F10:F42) -> 2 | G43: =SUM(G10:G42) -> 2 | H43: =SUM(H10:H42) -> 3 | I43: =SUM(I10:I42) -> 8 | J43: =SUM(J10:J42) -> 0 | K43: =SUM(K10:K42) -> 7
C44: 4500 | D44: 1916 | E44: 3500 | F44: 5403 | G44: 7300 | H44: 9943 | I44: 2000 | J44: 5000 | K44: 2902
C46: =C44*C43 -> 54000 | D46: =D44*D43 -> 61312 | E46: =E44*E43 -> 56000 | F46: =F44*F43 -> 10806 | G46: =G44*G43 -> 14600 | H46: =H44*H43 -> 29829 | I46: =I44*I43 -> 16000 | J46: =J44*J43 -> 0 | K46: =K44*K43 -> 20314
B48: total snack | C48: =C46+D46+E46+F46+G46+H46+I46+J46+K46+L36 -> 262861
B49: total makan | C49: =AJ5 -> 240000
C50: =C48+C49 -> 502861 | D50: realita
B51: total snack dan makan dalam 1bln | C51: =AH5 -> 8 | D51: =C51*50000 -> 400000 | E51: ekspektasi
G62: 10
G70: 79
F272: 2
F276: 82
F280: 8
F284: 275
F290: 3
F291: 3
F292: 4
F293: 5
F294: 3
F295: 5
F296: 4
F297: 2
... F310: 2
CE1047694: .

Sheet pasien
B1: Rekapitulasi Makan Pasien
B2: RS ANNISA Tangerang
B5: Ruang : Vip
B6: Waktu Makan | C6: Tanggal | AH6: Total | AI6: Harga | AJ6: Jumlah | AM6: jumlah pasien | AO6: jml pasien | AR6: jmlh biaya makan pasien
C7: 1 | D7: 2 | E7: 3 | F7: 4 | G7: 5 | H7: 6 | I7: 7 | J7: 8 | K7: 9 | L7: 10 | M7: 11 | N7: 12 | O7: 13 | P7: 14 | Q7: 15 | R7: 16 | S7: 17 | T7: 18 | U7: 19 | V7: 20 | W7: 21 | X7: 22 | Y7: 23 | Z7: 24 | AA7: 25 | AB7: 26 | AC7: 27 | AD7: 28 | AE7: 29 | AF7: 30 | AG7: 31 | AO7: PU | AP7: =AH11+AH28+AH177 -> 0 | AR7: pu | AS7: =AJ11+AJ28+AJ177 -> 0
B8: Pagi | AH8: =SUM(C8:AG8) -> 0 | AI8: 29030 | AJ8: =AH8*AI8 -> 0 | AO8: kelas 1 | AP8: =AH20+AH37+AH46+AH71+AH96+AH123+AH150+AH186+AH213+AH240 -> 0 | AR8: kelas 1 | AS8: =AJ20+AJ37+AJ46+AJ71+AJ96+AJ123+AJ150+AJ186+AJ213+AJ240 -> 0
B9: Siang | AH9: =SUM(C9:AG9) -> 0 | AI9: 29030 | AJ9: =AH9*AI9 -> 0 | AO9: kelas 2 | AP9: =AH55+AH79+AH105+AH132+AH159+AH195+AH222+AH249 -> 0 | AR9: kelas 2 | AS9: =AJ55+AJ79+AJ105+AJ132+AJ159+AJ195+AJ222+AJ249 -> 0
B10: Malam | AH10: =SUM(C10:AG10) -> 0 | AI10: 29030 | AJ10: =AH10*AI10 -> 0 | AO10: kelas 3 | AP10: =AH63+AH87+AH114+AH141+AH168+AH204+AH231+AH258 -> 0 | AR10: kelas 3 | AS10: =AJ63+AJ87+AJ114+AJ141+AJ168+AJ204+AJ231+AJ258 -> 0
B11: Total | C11: =SUM(C8:C10) -> 0 | D11: =SUM(D8:D10) -> 0 | E11: =SUM(E8:E10) -> 0 | F11: =SUM(F8:F10) -> 0 | G11: =SUM(G8:G10) -> 0 | H11: =SUM(H8:H10) -> 0 | I11: =SUM(I8:I10) -> 0 | J11: =SUM(J8:J10) -> 0 | ... AJ11: =SUM(AJ8:AJ10) -> 0 | AL11: =SUM(C11:AG11) -> 0 | AM11: =SUM(C11:AG11) -> 0 | AP11: =SUM(AP7:AP10) -> 0 | AS11: =SUM(AS7:AS10) -> 0
AP12: =AL259 -> 0 | AS12: =AL303 -> 0
B13: Ruang : Kelas I
AP14: harga perporsi | AR14: =AS12/AP12 -> #DIV/0!
B15: Waktu Makan | C15: Tanggal | AH15: Total | AI15: Harga | AJ15: Jumlah
C16: 1 | D16: 2 | E16: 3 | F16: 4 | G16: 5 | H16: 6 | I16: 7 | J16: 8 | K16: 9 | L16: 10 | M16: 11 | N16: 12 | O16: 13 | P16: 14 | Q16: 15 | R16: 16 | S16: 17 | T16: 18 | U16: 19 | V16: 20 | W16: 21 | X16: 22 | Y16: 23 | Z16: 24 | AA16: 25 | AB16: 26 | AC16: 27 | AD16: 28 | AE16: 29 | AF16: 30 | AG16: 31
B17: Pagi | AH17: =SUM(C17:AG17) -> 0 | AI17: 19482 | AJ17: =AH17*AI17 -> 0
B18: Siang | AH18: =SUM(C18:AG18) -> 0 | AI18: 19482 | AJ18: =AH18*AI18 -> 0
B19: Malam | AH19: =SUM(C19:AG19) -> 0 | AI19: 19482 | AJ19: =AH19*AI19 -> 0
B20: Total | C20: =SUM(C17:C19) -> 0 | D20: =SUM(D17:D19) -> 0 | E20: =SUM(E17:E19) -> 0 | F20: =SUM(F17:F19) -> 0 | G20: =SUM(G17:G19) -> 0 | H20: =SUM(H17:H19) -> 0 | I20: =SUM(I17:I19) -> 0 | J20: =SUM(J17:J19) -> 0 | ... AJ20: =SUM(AJ17:AJ19) -> 0 | AL20: =SUM(C20:AG20) -> 0 | AM20: =SUM(C20:AG20) -> 0
B22: Ruang : Vip PU3
B23: Waktu Makan | C23: Tanggal | AH23: Total | AI23: Harga | AJ23: Jumlah
C24: 1 | D24: 2 | E24: 3 | F24: 4 | G24: 5 | H24: 6 | I24: 7 | J24: 8 | K24: 9 | L24: 10 | M24: 11 | N24: 12 | O24: 13 | P24: 14 | Q24: 15 | R24: 16 | S24: 17 | T24: 18 | U24: 19 | V24: 20 | W24: 21 | X24: 22 | Y24: 23 | Z24: 24 | AA24: 25 | AB24: 26 | AC24: 27 | AD24: 28 | AE24: 29 | AF24: 30 | AG24: 31
B25: Pagi | AH25: =SUM(C25:AG25) -> 0 | AI25: 29030 | AJ25: =AH25*AI25 -> 0
B26: Siang | AH26: =SUM(C26:AG26) -> 0 | AI26: 29030 | AJ26: =AH26*AI26 -> 0
B27: Malam | AH27: =SUM(C27:AG27) -> 0 | AI27: 29030 | AJ27: =AH27*AI27 -> 0
B28: Total | C28: =SUM(C25:C27) -> 0 | D28: =SUM(D25:D27) -> 0 | E28: =SUM(E25:E27) -> 0 | F28: =SUM(F25:F27) -> 0 | G28: =SUM(G25:G27) -> 0 | H28: =SUM(H25:H27) -> 0 | I28: =SUM(I25:I27) -> 0 | J28: =SUM(J25:J27) -> 0 | ... AJ28: =SUM(AJ25:AJ27) -> 0 | AL28: =SUM(C28:AG28) -> 0 | AM28: =SUM(C28:AG28) -> 0
B30: Ruang : Kelas I PU3
B32: Waktu Makan | C32: Tanggal | AH32: Total | AI32: Harga | AJ32: Jumlah
C33: 1 | D33: 2 | E33: 3 | F33: 4 | G33: 5 | H33: 6 | I33: 7 | J33: 8 | K33: 9 | L33: 10 | M33: 11 | N33: 12 | O33: 13 | P33: 14 | Q33: 15 | R33: 16 | S33: 17 | T33: 18 | U33: 19 | V33: 20 | W33: 21 | X33: 22 | Y33: 23 | Z33: 24 | AA33: 25 | AB33: 26 | AC33: 27 | AD33: 28 | AE33: 29 | AF33: 30 | AG33: 31
B34: Pagi | AH34: =SUM(C34:AG34) -> 0 | AI34: 19482 | AJ34: =AH34*AI34 -> 0
B35: Siang | AH35: =SUM(C35:AG35) -> 0 | AI35: 19482 | AJ35: =AH35*AI35 -> 0
B36: Malam | AH36: =SUM(C36:AG36) -> 0 | AI36: 19482 | AJ36: =AH36*AI36 -> 0
B37: Total | C37: =SUM(C34:C36) -> 0 | D37: =SUM(D34:D36) -> 0 | E37: =SUM(E34:E36) -> 0 | F37: =SUM(F34:F36) -> 0 | G37: =SUM(G34:G36) -> 0 | H37: =SUM(H34:H36) -> 0 | I37: =SUM(I34:I36) -> 0 | J37: =SUM(J34:J36) -> 0 | ... AJ37: =SUM(AJ34:AJ36) -> 0 | AL37: =SUM(C37:AG37) -> 0 | AM37: =SUM(C37:AG37) -> 0
B39: Ruang : Kelas I RPU 4
B41: Waktu Makan | C41: Tanggal | AH41: Total | AI41: Harga | AJ41: Jumlah
C42: 1 | D42: 2 | E42: 3 | F42: 4 | G42: 5 | H42: 6 | I42: 7 | J42: 8 | K42: 9 | L42: 10 | M42: 11 | N42: 12 | O42: 13 | P42: 14 | Q42: 15 | R42: 16 | S42: 17 | T42: 18 | U42: 19 | V42: 20 | W42: 21 | X42: 22 | Y42: 23 | Z42: 24 | AA42: 25 | AB42: 26 | AC42: 27 | AD42: 28 | AE42: 29 | AF42: 30 | AG42: 31
B43: Pagi | AH43: =SUM(C43:AG43) -> 0 | AI43: 19482 | AJ43: =AH43*AI43 -> 0
B44: Siang | AH44: =SUM(C44:AG44) -> 0 | AI44: 19482 | AJ44: =AH44*AI44 -> 0
B45: Malam | AH45: =SUM(C45:AG45) -> 0 | AI45: 19482 | AJ45: =AH45*AI45 -> 0
B46: Total | C46: =SUM(C43:C45) -> 0 | D46: =SUM(D43:D45) -> 0 | E46: =SUM(E43:E45) -> 0 | F46: =SUM(F43:F45) -> 0 | G46: =SUM(G43:G45) -> 0 | H46: =SUM(H43:H45) -> 0 | I46: =SUM(I43:I45) -> 0 | J46: =SUM(J43:J45) -> 0 | ... AJ46: =SUM(AJ43:AJ45) -> 0 | AL46: =SUM(C46:AG46) -> 0 | AM46: =SUM(C46:AG46) -> 0
B48: Ruang : Kelas II
B50: Waktu Makan | C50: Tanggal | AH50: Total | AI50: Harga | AJ50: Jumlah
C51: 1 | D51: 2 | E51: 3 | F51: 4 | G51: 5 | H51: 6 | I51: 7 | J51: 8 | K51: 9 | L51: 10 | M51: 11 | N51: 12 | O51: 13 | P51: 14 | Q51: 15 | R51: 16 | S51: 17 | T51: 18 | U51: 19 | V51: 20 | W51: 21 | X51: 22 | Y51: 23 | Z51: 24 | AA51: 25 | AB51: 26 | AC51: 27 | AD51: 28 | AE51: 29 | AF51: 30 | AG51: 31
B52: Pagi | AH52: =SUM(C52:AG52) -> 0 | AI52: 13524 | AJ52: =AH52*AI52 -> 0
B53: Siang | AH53: =SUM(C53:AG53) -> 0 | AI53: 13524 | AJ53: =AH53*AI53 -> 0
B54: Malam | AH54: =SUM(C54:AG54) -> 0 | AI54: 13524 | AJ54: =AH54*AI54 -> 0
B55: Total | C55: =SUM(C52:C54) -> 0 | D55: =SUM(D52:D54) -> 0 | E55: =SUM(E52:E54) -> 0 | F55: =SUM(F52:F54) -> 0 | G55: =SUM(G52:G54) -> 0 | H55: =SUM(H52:H54) -> 0 | I55: =SUM(I52:I54) -> 0 | J55: =SUM(J52:J54) -> 0 | ... AJ55: =SUM(AJ52:AJ54) -> 0 | AL55: =SUM(C55:AG55) -> 0 | AM55: =SUM(C55:AG55) -> 0
B57: Ruang : Kelas III
B58: Waktu Makan | C58: Tanggal | AH58: Total | AI58: Harga | AJ58: Jumlah
C59: 1 | D59: 2 | E59: 3 | F59: 4 | G59: 5 | H59: 6 | I59: 7 | J59: 8 | K59: 9 | L59: 10 | M59: 11 | N59: 12 | O59: 13 | P59: 14 | Q59: 15 | R59: 16 | S59: 17 | T59: 18 | U59: 19 | V59: 20 | W59: 21 | X59: 22 | Y59: 23 | Z59: 24 | AA59: 25 | AB59: 26 | AC59: 27 | AD59: 28 | AE59: 29 | AF59: 30 | AG59: 31
B60: Pagi | AH60: =SUM(C60:AG60) -> 0 | AI60: 12049 | AJ60: =AH60*AI60 -> 0
B61: Siang | AH61: =SUM(C61:AG61) -> 0 | AI61: 12049 | AJ61: =AH61*AI61 -> 0
B62: Malam | AH62: =SUM(C62:AG62) -> 0 | AI62: 12049 | AJ62: =AH62*AI62 -> 0
B63: Total | C63: =SUM(C60:C62) -> 0 | D63: =SUM(D60:D62) -> 0 | E63: =SUM(E60:E62) -> 0 | F63: =SUM(F60:F62) -> 0 | G63: =SUM(G60:G62) -> 0 | H63: =SUM(H60:H62) -> 0 | I63: =SUM(I60:I62) -> 0 | J63: =SUM(J60:J62) -> 0 | ... AJ63: =SUM(AJ60:AJ62) -> 0 | AL63: =SUM(C63:AG63) -> 0 | AM63: =SUM(C63:AG63) -> 0
B65: Ruang : Kelas I ICU
B66: Waktu Makan | C66: Tanggal | AH66: Total | AI66: Harga | AJ66: Jumlah
C67: 1 | D67: 2 | E67: 3 | F67: 4 | G67: 5 | H67: 6 | I67: 7 | J67: 8 | K67: 9 | L67: 10 | M67: 11 | N67: 12 | O67: 13 | P67: 14 | Q67: 15 | R67: 16 | S67: 17 | T67: 18 | U67: 19 | V67: 20 | W67: 21 | X67: 22 | Y67: 23 | Z67: 24 | AA67: 25 | AB67: 26 | AC67: 27 | AD67: 28 | AE67: 29 | AF67: 30 | AG67: 31
B68: Pagi | AH68: =SUM(C68:AG68) -> 0 | AI68: 19482 | AJ68: =AH68*AI68 -> 0
B69: Siang | AH69: =SUM(C69:AG69) -> 0 | AI69: 19482 | AJ69: =AH69*AI69 -> 0
B70: Malam | AH70: =SUM(C70:AG70) -> 0 | AI70: 19482 | AJ70: =AH70*AI70 -> 0
B71: Total | C71: =SUM(C68:C70) -> 0 | D71: =SUM(D68:D70) -> 0 | E71: =SUM(E68:E70) -> 0 | F71: =SUM(F68:F70) -> 0 | G71: =SUM(G68:G70) -> 0 | H71: =SUM(H68:H70) -> 0 | I71: =SUM(I68:I70) -> 0 | J71: =SUM(J68:J70) -> 0 | ... AJ71: =SUM(AJ68:AJ70) -> 0 | AL71: =SUM(C71:AG71) -> 0 | AM71: =SUM(C71:AG71) -> 0
B73: Ruang : Kelas II ICU
B74: Waktu Makan | C74: Tanggal | AH74: Total | AI74: Harga | AJ74: Jumlah
C75: 1 | D75: 2 | E75: 3 | F75: 4 | G75: 5 | H75: 6 | I75: 7 | J75: 8 | K75: 9 | L75: 10 | M75: 11 | N75: 12 | O75: 13 | P75: 14 | Q75: 15 | R75: 16 | S75: 17 | T75: 18 | U75: 19 | V75: 20 | W75: 21 | X75: 22 | Y75: 23 | Z75: 24 | AA75: 25 | AB75: 26 | AC75: 27 | AD75: 28 | AE75: 29 | AF75: 30 | AG75: 31
B76: Pagi | AH76: =SUM(C76:AG76) -> 0 | AI76: 13524 | AJ76: =AH76*AI76 -> 0
B77: Siang | AH77: =SUM(C77:AG77) -> 0 | AI77: 13524 | AJ77: =AH77*AI77 -> 0
B78: Malam | AH78: =SUM(C78:AG78) -> 0 | AI78: 13524 | AJ78: =AH78*AI78 -> 0
B79: Total | C79: =SUM(C76:C78) -> 0 | D79: =SUM(D76:D78) -> 0 | E79: =SUM(E76:E78) -> 0 | F79: =SUM(F76:F78) -> 0 | G79: =SUM(G76:G78) -> 0 | H79: =SUM(H76:H78) -> 0 | I79: =SUM(I76:I78) -> 0 | J79: =SUM(J76:J78) -> 0 | ... X79: =SUM(X76:X78) -> 0 | Y79: =AB77 -> 0 | Z79: =SUM(Z76:Z78) -> 0 | AA79: =SUM(AA76:AA78) -> 0 | AB79: =SUM(AB76:AB78) -> 0 | AC79: =SUM(AC76:AC78) -> 0 | AD79: =SUM(AD76:AD78) -> 0 | AE79: =SUM(AE76:AE78) -> 0 | AF79: =SUM(AF76:AF78) -> 0 | AG79: =SUM(AG76:AG78) -> 0 | ... AJ79: =SUM(AJ76:AJ78) -> 0 | AL79: =SUM(C79:AG79) -> 0 | AM79: =SUM(C79:AG79) -> 0
B81: Ruang : Kelas III ICU
B82: Waktu Makan | C82: Tanggal | AH82: Total | AI82: Harga | AJ82: Jumlah
C83: 1 | D83: 2 | E83: 3 | F83: 4 | G83: 5 | H83: 6 | I83: 7 | J83: 8 | K83: 9 | L83: 10 | M83: 11 | N83: 12 | O83: 13 | P83: 14 | Q83: 15 | R83: 16 | S83: 17 | T83: 18 | U83: 19 | V83: 20 | W83: 21 | X83: 22 | Y83: 23 | Z83: 24 | AA83: 25 | AB83: 26 | AC83: 27 | AD83: 28 | AE83: 29 | AF83: 30 | AG83: 31
B84: Pagi | AH84: =SUM(C84:AG84) -> 0 | AI84: 12049 | AJ84: =AH84*AI84 -> 0
B85: Siang | AH85: =SUM(C85:AG85) -> 0 | AI85: 12049 | AJ85: =AH85*AI85 -> 0
B86: Malam | AH86: =SUM(C86:AG86) -> 0 | AI86: 12049 | AJ86: =AH86*AI86 -> 0
B87: Total | C87: =SUM(C84:C86) -> 0 | D87: =SUM(D84:D86) -> 0 | E87: =SUM(E84:E86) -> 0 | F87: =SUM(F84:F86) -> 0 | G87: =SUM(G84:G86) -> 0 | H87: =SUM(H84:H86) -> 0 | I87: =SUM(I84:I86) -> 0 | J87: =SUM(J84:J86) -> 0 | ... AJ87: =SUM(AJ84:AJ86) -> 0 | AL87: =SUM(C87:AG87) -> 0 | AM87: =SUM(C87:AG87) -> 0
B89: Ruang : Kelas I RPA
B91: Waktu Makan | C91: Tanggal | AH91: Total | AI91: Harga | AJ91: Jumlah
C92: 1 | D92: 2 | E92: 3 | F92: 4 | G92: 5 | H92: 6 | I92: 7 | J92: 8 | K92: 9 | L92: 10 | M92: 11 | N92: 12 | O92: 13 | P92: 14 | Q92: 15 | R92: 16 | S92: 17 | T92: 18 | U92: 19 | V92: 20 | W92: 21 | X92: 22 | Y92: 23 | Z92: 24 | AA92: 25 | AB92: 26 | AC92: 27 | AD92: 28 | AE92: 29 | AF92: 30 | AG92: 31
B93: Pagi | AH93: =SUM(C93:AG93) -> 0 | AI93: 19482 | AJ93: =AH93*AI93 -> 0
B94: Siang | AH94: =SUM(C94:AG94) -> 0 | AI94: 19482 | AJ94: =AH94*AI94 -> 0
B95: Malam | AH95: =SUM(C95:AG95) -> 0 | AI95: 19482 | AJ95: =AH95*AI95 -> 0
B96: Total | C96: =SUM(C93:C95) -> 0 | D96: =SUM(D93:D95) -> 0 | E96: =SUM(E93:E95) -> 0 | F96: =SUM(F93:F95) -> 0 | G96: =SUM(G93:G95) -> 0 | H96: =SUM(H93:H95) -> 0 | I96: =SUM(I93:I95) -> 0 | J96: =SUM(J93:J95) -> 0 | ... AJ96: =SUM(AJ93:AJ95) -> 0 | AL96: =SUM(C96:AG96) -> 0 | AM96: =SUM(C96:AG96) -> 0
B98: Ruang : Kelas II RPA
B100: Waktu Makan | C100: Tanggal | AH100: Total | AI100: Harga | AJ100: Jumlah
C101: 1 | D101: 2 | E101: 3 | F101: 4 | G101: 5 | H101: 6 | I101: 7 | J101: 8 | K101: 9 | L101: 10 | M101: 11 | N101: 12 | O101: 13 | P101: 14 | Q101: 15 | R101: 16 | S101: 17 | T101: 18 | U101: 19 | V101: 20 | W101: 21 | X101: 22 | Y101: 23 | Z101: 24 | AA101: 25 | AB101: 26 | AC101: 27 | AD101: 28 | AE101: 29 | AF101: 30 | AG101: 31
B102: Pagi | AH102: =SUM(C102:AG102) -> 0 | AI102: 13524 | AJ102: =AH102*AI102 -> 0
B103: Siang | AH103: =SUM(C103:AG103) -> 0 | AI103: 13524 | AJ103: =AH103*AI103 -> 0
B104: Malam | AH104: =SUM(C104:AG104) -> 0 | AI104: 13524 | AJ104: =AH104*AI104 -> 0
B105: Total | C105: =SUM(C102:C104) -> 0 | D105: =SUM(D102:D104) -> 0 | E105: =SUM(E102:E104) -> 0 | F105: =SUM(F102:F104) -> 0 | G105: =SUM(G102:G104) -> 0 | H105: =SUM(H102:H104) -> 0 | I105: =SUM(I102:I104) -> 0 | J105: =SUM(J102:J104) -> 0 | ... AJ105: =SUM(AJ102:AJ104) -> 0 | AL105: =SUM(C105:AG105) -> 0 | AM105: =SUM(C105:AG105) -> 0
B107: Ruang : Kelas III RPA
B109: Waktu Makan | C109: Tanggal | AH109: Total | AI109: Harga | AJ109: Jumlah
C110: 1 | D110: 2 | E110: 3 | F110: 4 | G110: 5 | H110: 6 | I110: 7 | J110: 8 | K110: 9 | L110: 10 | M110: 11 | N110: 12 | O110: 13 | P110: 14 | Q110: 15 | R110: 16 | S110: 17 | T110: 18 | U110: 19 | V110: 20 | W110: 21 | X110: 22 | Y110: 23 | Z110: 24 | AA110: 25 | AB110: 26 | AC110: 27 | AD110: 28 | AE110: 29 | AF110: 30 | AG110: 31
B111: Pagi | AH111: =SUM(C111:AG111) -> 0 | AI111: 12049 | AJ111: =AH111*AI111 -> 0
B112: Siang | AH112: =SUM(C112:AG112) -> 0 | AI112: 12049 | AJ112: =AH112*AI112 -> 0
B113: Malam | AH113: =SUM(C113:AG113) -> 0 | AI113: 12049 | AJ113: =AH113*AI113 -> 0
B114: Total | C114: =SUM(C111:C113) -> 0 | D114: =SUM(D111:D113) -> 0 | E114: =SUM(E111:E113) -> 0 | F114: =SUM(F111:F113) -> 0 | G114: =SUM(G111:G113) -> 0 | H114: =SUM(H111:H113) -> 0 | I114: =SUM(I111:I113) -> 0 | J114: =SUM(J111:J113) -> 0 | ... AJ114: =SUM(AJ111:AJ113) -> 0 | AL114: =SUM(C114:AG114) -> 0 | AM114: =SUM(C114:AG114) -> 0
B116: Ruang : Kelas I RPB
B118: Waktu Makan | C118: Tanggal | AH118: Total | AI118: Harga | AJ118: Jumlah
C119: 1 | D119: 2 | E119: 3 | F119: 4 | G119: 5 | H119: 6 | I119: 7 | J119: 8 | K119: 9 | L119: 10 | M119: 11 | N119: 12 | O119: 13 | P119: 14 | Q119: 15 | R119: 16 | S119: 17 | T119: 18 | U119: 19 | V119: 20 | W119: 21 | X119: 22 | Y119: 23 | Z119: 24 | AA119: 25 | AB119: 26 | AC119: 27 | AD119: 28 | AE119: 29 | AF119: 30 | AG119: 31
B120: Pagi | AH120: =SUM(C120:AG120) -> 0 | AI120: 19482 | AJ120: =AH120*AI120 -> 0
B121: Siang | AH121: =SUM(C121:AG121) -> 0 | AI121: 19482 | AJ121: =AH121*AI121 -> 0
...

Sheet dokter pagi
C3: CATATAN MAKAN DAN MINUMAN DOKTER | Q3: CATATAN MAKAN DAN MINUMAN DOKTER | AE3: CATATAN MAKAN DAN MINUMAN DOKTER | AS3: CATATAN MAKAN DAN MINUMAN DOKTER | BG3: CATATAN MAKAN DAN MINUMAN DOKTER | BU3: CATATAN MAKAN DAN MINUMAN DOKTER | CI3: CATATAN MAKAN DAN MINUMAN DOKTER
C5: senin | Q5: selasa | AE5: rabu | AS5: kamis | BG5: jumat | BU5: sabtu | CI5: minggu
B6: tgl dan petugas | C6: Nama dokter | D6: roti | E6: buah | F6: telur | G6: snack | H6: le mineral 600 | I6: kopi KA | J6: kopi 3 in 1 | K6: pocari | L6: buavita | M6: the | N6: oxy | P6: tgl dan petugas | Q6: Nama dokter | R6: roti | S6: buah | T6: telur | U6: snack | V6: le mineral 600 | W6: kopi KA | X6: kopi 3 in 1 | Y6: pocari | Z6: buavita | AA6: the | AB6: oxy | AD6: tgl dan petugas | AE6: Nama dokter | AF6: roti | AG6: buah | AH6: telur | AI6: snack | AJ6: le mineral 600 | AK6: kopi KA | AL6: kopi 3 in 1 | AM6: pocari | AN6: buavita | AO6: the | AP6: oxy | AR6: tgl dan petugas | AS6: Nama dokter | AT6: roti | AU6: buah | AV6: telur | AW6: snack | AX6: le mineral 600 | AY6: kopi KA | AZ6: kopi 3 in 1 | BA6: pocari | BB6: buavita | BC6: the | BD6: oxy | BF6: tgl dan petugas | BG6: Nama dokter | BH6: roti | BI6: buah | BJ6: telur | BK6: snack | BL6: le mineral 600 | BM6: kopi KA | BN6: kopi 3 in 1 | BO6: pocari | BP6: buavita | BQ6: the | BR6: oxy | BT6: tgl dan petugas | BU6: Nama dokter | BV6: roti | BW6: buah | BX6: telur | BY6: snack | BZ6: le mineral 600 | CA6: kopi KA | CB6: kopi 3 in 1 | CC6: pocari | CD6: buavita | CE6: the | CF6: oxy | CH6: tgl dan petugas | CI6: Nama dokter | CJ6: roti | CK6: buah | CL6: telur | CM6: snack | CN6: le mineral 600 | CO6: kopi KA | CP6: kopi 3 in 1 | CQ6: pocari | CR6: buavita | CS6: the | CT6: oxy
B8: 7.9.26 | C8: dr denok | E8: 1 | H8: 1 | J8: 1 | P8: 1,9,2026 | Q8: dr ari m | U8: 1 | V8: 1 | AD8: 02.09.2026 | AE8: dr. ari mulyani | AI8: 1 | AJ8: 1 | AR8: 03.09.26 | AS8: dr.ari mulyni | AW8: 1 | AX8: 1 | BF8: 4,09,26 | BG8: dr lola | BI8: 1 | BL8: 1 | BT8: 05,09,2026 | BU8: dr asseane | BW8: 1 | BZ8: 1 | CH8: titik | CI8: drg rosalina | CM8: 1 | CN8: 1
B9: lista | C9: dr reza | G9: 1 | H9: 1 | P9: titk | Q9: dr amin | U9: 1 | V9: 1 | AE9: dr. denok | AG9: 1 | AJ9: 1 | AS9: dr.alvin | AW9: 1 | AX9: 1 | BF9: ridwan | BG9: dr irawati | BI9: 2 | BL9: 1 | BT9: elina | BU9: dr minanul | BW9: 1 | BZ9: 1 | CH9: 6,9,26 | CI9: dr. Farida | CK9: 1 | CN9: 1 | CO9: 1
C10: dr asseane | E10: 1 | H10: 1 | Q10: dr denok | S10: 1 | V10: 1 | AE10: dr. reza akbar. | AI10: 0 | AJ10: 0 | AS10: dr.yasminda | AW10: 1 | AX10: 1 | BG10: dr apul | BI10: 1 | BL10: 1 | BU10: dr apul dina | BW10: 1 | BZ10: 1 | CI10: dr. Pinsky | CK10: 2 | CN10: 1 | CO10: 1
C11: dr riko | G11: 1 | H11: 1 | Q11: dr yasminda | S11: 1 | V11: 1 | AE11: dr. yasminda | AG11: 1 | AJ11: 1 | AS11: dr.aseanne | AW11: 1 | AX11: 1 | BG11: dr agusnidar | BI11: 1 | BL11: 1 | BU11: dr agusnidar | BW11: 1 | BZ11: 1 | CI11: dr. Hafifah | CM11: 0
C12: dr chintya | Q12: dr alvin | U12: 1 | V12: 1 | AE12: dr. aseane | AG12: 1 | AJ12: 1 | AS12: dr.minanul | AU12: 1 | AX12: 1 | BG12: dr isnada | BK12: 1 | BL12: 1 | BU12: dr vini | BZ12: 0 | CI12: dr. Rezky | CM12: 1 | CN12: 1
C13: dr anggita | G13: 1 | H13: 1 | Q13: dr ane | S13: 1 | V13: 1 | AE13: dr. riko | AI13: 1 | AJ13: 1 | AS13: dr.apuldina | AU13: 1 | AX13: 1 | BG13: dr estu | BK13: 1 | BL13: 1 | BU13: dr ade | BY13: 1 | BZ13: 1 | CI13: drg. Redho | CK13: 1 | CM13: 1 | CS13: 1
C14: dr yenny | G14: 1 | H14: 1 | Q14: dr minan | S14: 1 | V14: 1 | AE14: dr. annastasia | AI14: 1 | AJ14: 1 | AS14: dr.rosalina | AW14: 1 | AX14: 1 | BG14: dr sila | BJ14: 3 | BL14: 1 | BU14: dr usep | BY14: 1 | BZ14: 1 | CA14: 1 | CI14: drg. Yanti | CM14: 1 | CN14: 1
C15: dr redho | E15: 1 | H15: 1 | M15: 1 | Q15: dr apuldina | S15: 1 | V15: 1 | AE15: dr. yenny | AI15: 0 | AJ15: 0 | AS15: dr.a.ismail | AW15: 1 | AX15: 1 | BG15: dr saeful | BL15: 2 | BO15: 1 | BU15: dr dwiyana | BZ15: 0 | CI15: dr afrianti | CM15: 1 | CN15: 1
C16: dr sila | F16: 1 | H16: 1 | I16: 1 | Q16: dr agusnidar | S16: 1 | V16: 1 | AE16: dr. sila | AH16: 1 | AJ16: 1 | AK16: 1 | AS16: dr.anastasia | AW16: 1 | AX16: 1 | BG16: dr brilian | BI16: 1 | BL16: 1 | BU16: dr nabila | BY16: 1 | BZ16: 1 | CI16: dr wisuda | CK16: 1 | CN16: 1
C17: dr estu | G17: 1 | H17: 1 | Q17: dr brilian | V17: 0 | AE17: dr. vini | AI17: 1 | AJ17: 1 | AS17: dr.retno | AW17: 1 | AX17: 1 | BG17: dr feriyanto | BJ17: 3 | BL17: 1 | BU17: dr redho | BW17: 1 | BZ17: 1 | CI17: dr.ade widyastuti | CM17: 1 | CN17: 1
C18: dr helda | E18: 1 | H18: 1 | Q18: dr saiful | V18: 2 | Y18: 2 | AE18: dr. estu | AI18: 1 | AJ18: 1 | AS18: dr.vini | AW18: 1 | AX18: 1 | BG18: dr arie | BI18: 1 | BL18: 1 | BU18: dr estu | BY18: 1 | BZ18: 1 | CI18: dr.anggita | CM18: 1 | CN18: 1 | CS18: 1
C19: dr farida | E19: 1 | H19: 1 | I19: 1 | Q19: dr usep | U19: 1 | V19: 1 | W19: 1 | AE19: dr. helda | AG19: 1 | AJ19: 1 | AS19: dr.estu | AW19: 1 | AX19: 1 | BG19: dr vina | BI19: 1 | BL19: 1 | BU19: dr isnada | BY19: 1 | BZ19: 1 | CI19: dr fauzi | CM19: 1 | CN19: 1
C20: dr saiful | H20: 4 | K20: 2 | Q20: dr retno | U20: 1 | V20: 1 | AE20: dr. melfa | AI20: 1 | AJ20: 1 | AS20: dr.ferianto | AV20: 1 | AX20: 1 | AY20: 1 | BG20: dr ryant | BK20: 1 | BL20: 1 | BU20: dr ari | BY20: 0 | BZ20: 0 | CI20: dr.puti | CM20: 0 | CN20: 0
C21: dr tintin | E21: 1 | G21: 1 | H21: 2 | Q21: dr yeni | U21: 1 | V21: 1 | AE21: dr. venasius | AI21: 1 | AJ21: 1 | AS21: dr.puti | AW21: 1 | AX21: 1 | BG21: dr lisa | BK21: 1 | BL21: 1 | BU21: dr karinca | BY21: 1 | BZ21: 1 | CI21: dr maya | CK21: 1 | CL21: 1 | CN21: 1 | CO21: 1
C22: dr susi | E22: 1 | H22: 1 | Q22: dr sila | S22: 1 | V22: 1 | W22: 1 | AE22: dr. herman s | AI22: 1 | AJ22: 1 | AS22: dr.karinca | AW22: 1 | AX22: 1 | BG22: dr ari mulyani | BK22: 1 | BL22: 1 | BU22: dr amarullah | BW22: 1 | BZ22: 1 | CI22: dr wicaksono | CM22: 1 | CN22: 1
C23: dr irawati | Q23: dr redho | S23: 1 | V23: 1 | AA23: 1 | AE23: dr. lola | AG23: 1 | AJ23: 1 | AK23: 2 | AS23: dr.farida | AU23: 1 | AX23: 1 | BG23: dr amin | BK23: 1 | BL23: 1 | BU23: dr amin | BW23: 1 | BY23: 1 | BZ23: 2 | CI23: dr.rahma | CM23: 0 | CN23: 0
C24: dr arie asnafi | E24: 1 | H24: 1 | M24: 1 | Q24: dr feriyanto | T24: 3 | V24: 1 | W24: 1 | AE24: dr. pinsky | AG24: 1 | AJ24: 1 | AK24: 1 | AS24: drsaiful | AX24: 1 | BG24: dr susi | BI24: 1 | BL24: 1 | BU24: dr herman suryatama | BZ24: 0 | CI24: dr tri | CN24: 0
C25: dr venasius | G25: 1 | H25: 1 | Q25: dr rizaldi | T25: 3 | V25: 1 | W25: 1 | AE25: dr. hamidah | AI25: 1 | AJ25: 1 | AK25: 1 | AS25: dr.usep | AW25: 1 | AX25: 1 | BG25: dr aseane | BI25: 1 | BL25: 1 | BU25: dr susi | BW25: 1 | BZ25: 1 | CI25: dr ruangan pagi | CM25: 2
C26: lounge dokter | K26: 3 | L26: 3 | Q26: dr amar | S26: 1 | V26: 1 | AE26: dr. susi | AG26: 2 | AJ26: 2 | AS26: dr.dwiyana | AX26: 1 | BG26: dr minan | BI26: 1 | BL26: 1 | BU26: dr yelly | BY26: 1 | BZ26: 1 | CI26: dr.umum pagi | CM26: 3
C27: dr umum pagi | G27: 3 | Q27: dr putri | S27: 1 | V27: 1 | W27: 1 | AE27: dr. irawati | AG27: 2 | AJ27: 2 | AS27: dr.lola | AU27: 1 | AX27: 1 | BG27: dr maechel | BJ27: 3 | BL27: 1 | BU27: dr melfa | BY27: 0 | BZ27: 0
C28: dr ruangan pagi | G28: 3 | Q28: dr pandu | V28: 0 | AE28: dr. arie asnafi | AG28: 1 | AJ28: 1 | AS28: dr.tintin | AW28: 1 | AX28: 1 | BG28: dr amar | BI28: 1 | BL28: 1 | BU28: dr irawati | BW28: 1 | BZ28: 1 | CH28: 13.09.26 | CI28: drg rosalina | CM28: 1 | CN28: 1
C29: dr ismail | G29: 1 | H29: 1 | Q29: dr tin tin | U29: 1 | V29: 1 | AE29: louge dokter | AM29: 5 | AN29: 5 | AS29: dr.andy n | AW29: 1 | AX29: 1 | AZ29: 1 | BG29: dr visto | BK29: 1 | BL29: 1 | BU29: dr arie asnafi | BW29: 1 | BZ29: 1 | CB29: 1 | CH29: lista | CI29: dr. Farida | CK29: 1 | CN29: 1 | CO29: 1
C30: dr agusnidar | E30: 1 | H30: 1 | Q30: dr andi | S30: 1 | V30: 1 | X30: 1 | AE30: dr ike | AS30: dr,.erika | AW30: 1 | AX30: 1 | BG30: dr ruangan | BK30: 2 | BU30: dr ilhandi | BZ30: 1 | CE30: 1 | CI30: dr. Pinsky | CK30: 2 | CN30: 1 | CO30: 1
C31: dr herman s | Q31: dr maya | S31: 1 | T31: 2 | V31: 1 | W31: 1 | AE31: dr marina | AG31: 1 | AI31: 1 | AJ31: 1 | AS31: dr,susi | AU31: 1 | AX31: 1 | BG31: dr umum | BK31: 3 | BU31: dr edi budi | BW31: 1 | BZ31: 1 | CI31: dr. Hafifah | CM31: 0
C32: dr lola | Q32: dr lola | S32: 2 | V32: 2 | W32: 2 | AE32: dr umum pagi | AI32: 3 | AS32: dr.melfa | AW32: 1 | AX32: 1 | BU32: dr.wicaksono | BY32: 1 | BZ32: 1 | CI32: dr. Rezky | CM32: 1 | CN32: 1
C33: dr.reihan | E33: 1 | H33: 1 | Q33: dr erika | S33: 2 | V33: 2 | AE33: dr ruangan pagi | AI33: 3 | AS33: dr.irawati | AU33: 1 | AX33: 1 | BU33: dr pinksy | BW33: 2 | BZ33: 1 | CA33: 1 | CI33: drg. Redho | CK33: 1 | CM33: 1 | CS33: 1
C34: dr.anita | E34: 2 | G34: 2 | H34: 2 | Q34: dr yely | U34: 2 | V34: 2 | AE34: dr.ruangan siang | AI34: 3 | AS34: dr.ilhandi | AX34: 1 | BC34: 1 | BF34: 11,9,26 | BG34: dr lola | BI34: 1 | BL34: 1 | BU34: dr maya | BW34: 1 | BX34: 2 | BZ34: 1 | CA34: 1 | CI34: drg. Yanti | CM34: 1 | CN34: 1
Q35: dr irawati | S35: 2 | V35: 2 | AE35: dr.umum siang | AG35: 1 | AI35: 2 | AS35: dr.amar | AU35: 1 | AX35: 1 | BF35: yurlis | BG35: dr irawati | BI35: 2 | BL35: 1 | BU35: dr michael | BY35: 0 | BZ35: 0 | CI35: dr afrianti | CM35: 1 | CN35: 1
Q36: dr ari a | T36: 3 | V36: 1 | AA36: 1 | AE36: dr.phima | AI36: 1 | AJ36: 1 | AS36: dr.minanul | AU36: 1 | BG36: dr apul | BI36: 1 | BL36: 1 | BU36: dr arif | BW36: 1 | BY36: 1 | BZ36: 1 | CI36: dr wisuda | CK36: 1 | CN36: 1
B37: 14.09.26 | C37: dr denok | E37: 1 | H37: 1 | J37: 1 | Q37: dr ilhandi | V37: 1 | AA37: 1 | AE37: dr.arif | AG37: 1 | AI37: 1 | AJ37: 1 | AS37: dr umum pagi | AW37: 3 | BG37: dr agusnidar | BI37: 1 | BL37: 1 | BU37: dr marina | BZ37: 0 | CI37: dr.ade widyastuti | CM37: 1 | CN37: 1
B38: lista | C38: dr reza | G38: 1 | H38: 1 | Q38: dr ike | S38: 1 | U38: 1 | V38: 1 | AE38: dr nienie | AI38: 1 | AJ38: 1 | AS38: dr ruangan pagi | AW38: 3 | BG38: dr isnada | BK38: 1 | BL38: 1 | BU38: dr ruangan pagi | BY38: 3 | CI38: dr.anggita | CM38: 1 | CN38: 1 | CS38: 1
C39: dr asseane | E39: 1 | H39: 1 | Q39: dr arif | S39: 1 | U39: 1 | V39: 1 | AS39: dr.ruangan siang | AW39: 3 | BG39: dr estu | BK39: 1 | BL39: 1 | BU39: dr umum pagi | BY39: 3 | CI39: dr fauzi | CM39: 1 | CN39: 1
C40: dr riko | G40: 1 | H40: 1 | Q40: dr marina | S40: 1 | U40: 1 | V40: 1 | AS40: dr.umum siang | AW40: 2 | BG40: dr sila | BJ40: 3 | BL40: 1 | BU40: lounge dokter | CC40: 5 | CD40: 5 | CI40: dr.puti | CM40: 0 | CN40: 0
C41: dr chintya | Q41: dr umum pagi | U41: 3 | AD41: 09.09.2026 | AE41: dr. ari mulyani | BG41: dr saeful | BL41: 2 | BO41: 1 | BU41: dr.lisa | BY41: 1 | BZ41: 1 | CI41: dr maya | CK41: 1 | CL41: 1 | CN41: 1 | CO41: 1
C42: dr anggita | G42: 1 | H42: 1 | Q42: dr ruangan pagi | U42: 3 | AE42: dr. denok | BG42: dr brilian | BI42: 1 | BL42: 1 | BU42: dr.anggraeni | BZ42: 0 | CI42: dr wicaksono | CM42: 1 | CN42: 1
C43: dr yenny | G43: 1 | H43: 1 | Q43: LOUNGE DKR | Y43: 3 | Z43: 3 | AE43: dr. reza akbar. | AR43: 10,09,2026 | AS43: dr.ari mulyni | AW43: 1 | AX43: 1 | BG43: dr feriyanto | BJ43: 3 | BL43: 1 | BU43: dr.isnada | BY43: 1 | BZ43: 1 | CI43: dr.rahma | CM43: 0 | CN43: 0
C44: dr redho | E44: 1 | H44: 1 | M44: 1 | Q44: dr viny | U44: 2 | V44: 2 | AE44: dr. yasminda | AR44: elina | AS44: dr.alvin | AW44: 1 | AX44: 1 | BG44: dr arie | BI44: 1 | BL44: 1 | BU44: dr.martha | BV44: 1 | BW44: 1 | BZ44: 1 | CE44: 1 | CI44: dr tri | CN44: 0
C45: dr sila | F45: 1 | H45: 1 | I45: 1 | Q45: dr.anggita | S45: 1 | U45: 1 | V45: 2 | AE45: dr. aseane | AS45: dr.yasminda | AW45: 1 | AX45: 1 | BG45: dr vina | BI45: 1 | BL45: 1 | BU45: dr.puti | BY45: 1 | BZ45: 1 | CI45: dr ruangan pagi | CM45: 2
C46: dr estu | G46: 1 | H46: 1 | Q46: dr.chintya | V46: 0 | AE46: dr. riko | AS46: dr.aseanne | AW46: 1 | AX46: 1 | BG46: dr ryant | BK46: 1 | BL46: 1 | BU46: dr.a.khalif | BW46: 0 | BZ46: 0 | CI46: dr.umum pagi | CM46: 3
C47: dr helda | E47: 1 | H47: 1 | Q47: dr.visto | U47: 1 | V47: 1 | AE47: dr. annastasia | AS47: dr.minanul | AU47: 1 | AX47: 1 | BG47: dr lisa | BK47: 1 | BL47: 1 | BU47: dr.venansius | BV47: 0 | BZ47: 0
C48: dr farida | E48: 1 | H48: 1 | I48: 1 | Q48: dr.afif | U48: 1 | V48: 1 | AE48: dr. yenny | AS48: dr.apuldina | AU48: 1 | AX48: 1 | BG48: dr ari mulyani | BK48: 1 | BL48: 1 | BU48: dr.andy | BW48: 1 | BZ48: 1 | CB48: 1
C49: dr saiful | H49: 4 | K49: 2 | Q49: bu amelia | U49: 1 | V49: 1 | AE49: dr. sila | AS49: dr.rosalina | AW49: 1 | AX49: 1 | BG49: dr amin | BK49: 1 | BL49: 1 | BU49: dr.hamidah | BZ49: 0 | CH49: 20,09,2026 | CI49: drg rosalina | CM49: 1 | CN49: 1
C50: dr tintin | E50: 1 | G50: 1 | H50: 2 | Q50: dr hamidah | U50: 1 | V50: 1 | W50: 1 | AE50: dr. vini | AS50: dr.a.ismail | AW50: 1 | AX50: 1 | BG50: dr susi | BI50: 1 | BL50: 1 | BU50: dr.rahmawati | BY50: 1 | BZ50: 1 | CH50: ismi | CI50: dr. Farida | CK50: 0 | CN50: 0 | CO50: 0
C51: dr susi | E51: 1 | H51: 1 | AE51: dr. estu | AS51: dr.anastasia | AW51: 1 | AX51: 1 | BG51: dr aseane | BI51: 1 | BL51: 1 | BU51: dr agusnidar | BW51: 1 | BZ51: 1 | CI51: dr. Pinsky | CK51: 2 | CN51: 1 | CO51: 1
C52: dr irawati | AE52: dr. helda | AS52: dr.retno | AW52: 1 | AX52: 1 | BG52: dr minan | BI52: 1 | BL52: 1 | CI52: dr. Hafifah | CM52: 1 | CN52: 1
C53: dr arie asnafi | E53: 1 | H53: 1 | M53: 1 | P53: 8,9,26 | Q53: dr ari m | U53: 1 | V53: 1 | AE53: dr. melfa | AS53: dr.vini | AW53: 1 | AX53: 1 | BG53: dr maechel | BJ53: 3 | BL53: 1 | CI53: dr. Rezky | CM53: 1 | CN53: 1
C54: dr venasius | G54: 1 | H54: 1 | P54: titk | Q54: dr amin | U54: 1 | V54: 1 | AE54: dr. venasius | AS54: dr.estu | AW54: 1 | AX54: 1 | BG54: dr amar | BI54: 1 | BL54: 1 | BT54: titik | BU54: dr asseane | BW54: 1 | BZ54: 1 | CI54: drg. Redho | CK54: 1 | CM54: 1 | CS54: 1
C55: lounge dokter | K55: 3 | L55: 3 | Q55: dr denok | S55: 1 | V55: 1 | AE55: dr. herman s | AS55: dr.ferianto | AV55: 1 | AX55: 1 | AY55: 1 | BG55: dr visto | BK55: 1 | BL55: 1 | BT55: 12,9,26 | BU55: dr minanul | BW55: 1 | BZ55: 1 | CI55: drg. Yanti | CM55: 1 | CN55: 1
C56: dr umum pagi | G56: 3 | Q56: dr yasminda | S56: 1 | V56: 1 | AE56: dr. lola | AS56: dr.puti | AW56: 1 | AX56: 1 | BG56: dr ruangan | BK56: 2 | BU56: dr apul dina | BW56: 1 | BZ56: 1 | CI56: dr afrianti | CM56: 1 | CN56: 1
C57: dr ruangan pagi | G57: 3 | Q57: dr alvin | U57: 1 | V57: 1 | AE57: dr. pinsky | AS57: dr.karinca | AW57: 1 | AX57: 1 | BG57: dr umum | BK57: 3 | BU57: dr agusnidar | BW57: 1 | BZ57: 1 | CI57: dr wisuda | CK57: 1 | CN57: 1
C58: dr ismail | G58: 1 | H58: 1 | Q58: dr ane | S58: 1 | V58: 1 | AE58: dr. hamidah | AS58: dr.farida | AU58: 1 | AX58: 1 | BU58: dr vini | BZ58: 0 | CI58: dr.ade widyastuti | CM58: 0 | CN58: 0
C59: dr agusnidar | E59: 1 | H59: 1 | Q59: dr minan | S59: 1 | V59: 1 | AE59: dr. susi | AS59: drsaiful | AX59: 1 | BU59: dr ade | BY59: 1 | BZ59: 1 | CI59: dr.anggita | CM59: 1 | CN59: 1 | CS59: 1
C60: dr herman s | Q60: dr apuldina | S60: 1 | V60: 1 | AE60: dr. irawati | AS60: dr.usep | AW60: 1 | AX60: 1 | BF60: 18,9,26 | BG60: dr lola | BI60: 1 | BL60: 1 | BU60: dr usep | BY60: 1 | BZ60: 1 | CA60: 1 | CI60: dr fauzi | CM60: 1 | CN60: 1
C61: dr lola | Q61: dr agusnidar | S61: 1 | V61: 1 | AE61: dr. arie asnafi | AS61: dr.dwiyana | AX61: 1 | BF61: yurlis | BG61: dr irawati | BI61: 2 | BL61: 1 | BU61: dr dwiyana | BZ61: 1 | CD61: 1 | CI61: dr.puti | CM61: 1 | CN61: 1
C62: dr.reihan | E62: 1 | H62: 1 | Q62: dr brilian | V62: 0 | AE62: louge dokter | AS62: dr.lola | AU62: 1 | AX62: 1 | BG62: dr apul | BI62: 1 | BL62: 1 | BU62: dr nabila | BY62: 1 | BZ62: 1 | CI62: dr maya | CK62: 1 | CL62: 1 | CN62: 1 | CO62: 1
C63: dr.anita | E63: 2 | G63: 2 | H63: 2 | Q63: dr saiful | V63: 2 | Y63: 2 | AE63: dr ike | AS63: dr.tintin | AW63: 1 | AX63: 1 | BG63: dr agusnidar | BI63: 1 | BL63: 1 | BU63: dr redho | BW63: 1 | BZ63: 1 | CE63: 1 | CI63: dr wicaksono | CM63: 1 | CN63: 1
Q64: dr usep | U64: 1 | V64: 1 | W64: 1 | AE64: dr marina | AS64: dr.andy n | AW64: 1 | AX64: 1 | AZ64: 1 | BG64: dr isnada | BK64: 1 | BL64: 1 | BU64: dr estu | BY64: 0 | BZ64: 0 | CI64: dr.rahma | CM64: 1 | CN64: 1
B65: titik | C65: dr denok | H65: 0 | Q65: dr retno | U65: 1 | V65: 1 | AE65: dr umum pagi | AS65: dr,.erika | AW65: 1 | AX65: 1 | BG65: dr estu | BK65: 1 | BL65: 1 | BU65: dr isnada | BY65: 0 | BZ65: 0 | CI65: dr tri | CN65: 0
B66: 21,9,26 | C66: dr reza | G66: 1 | H66: 1 | Q66: dr yeni | U66: 1 | V66: 1 | AE66: dr ruangan pagi | AS66: dr,susi | AU66: 1 | AX66: 1 | BG66: dr sila | BJ66: 3 | BL66: 1 | BU66: dr ari | BY66: 1 | BZ66: 1 | CI66: dr ruangan pagi | CM66: 2
C67: dr asseane | E67: 1 | H67: 1 | Q67: dr sila | S67: 1 | V67: 1 | W67: 1 | AE67: dr.ruangan siang | AS67: dr.melfa | AW67: 1 | AX67: 1 | BG67: dr saeful | BL67: 2 | BO67: 1 | BU67: dr karinca | BY67: 1 | BZ67: 1 | CI67: dr.umum pagi | CM67: 3
C68: dr riko | G68: 0 | H68: 1 | Q68: dr redho | S68: 1 | V68: 1 | AA68: 1 | AE68: dr.umum siang | AS68: dr.irawati | AU68: 1 | AX68: 1 | BG68: dr brilian | BI68: 1 | BL68: 1 | BU68: dr amarullah | BW68: 1 | BZ68: 1
C69: dr chintya | E69: 1 | H69: 1 | Q69: dr feriyanto | T69: 3 | V69: 1 | W69: 1 | AE69: dr.phima | AS69: dr.ilhandi | AX69: 1 | BC69: 1 | BG69: dr feriyanto | BJ69: 3 | BL69: 1 | BU69: dr amin | BW69: 1 | BY69: 1 | BZ69: 1 | CH69: titik | CI69: drg rosalina | CM69: 1 | CN69: 1
C70: dr anggita | H70: 0 | Q70: dr rizaldi | T70: 3 | V70: 1 | W70: 1 | AE70: dr.arif | AS70: dr.amar | AU70: 1 | AX70: 1 | BG70: dr arie | BI70: 1 | BL70: 1 | BU70: dr herman suryatama | BZ70: 0 | CH70: 27,9,26 | CI70: dr. Farida | CK70: 0 | CN70: 0 | CO70: 0
C71: dr yenny | G71: 1 | H71: 1 | Q71: dr amar | S71: 1 | V71: 1 | AE71: dr nienie | AS71: dr.minanul | AU71: 1 | BG71: dr vina | BI71: 1 | BL71: 1 | BU71: dr susi | BW71: 1 | BZ71: 1 | CI71: dr. Pinsky | CK71: 2 | CN71: 1 | CO71: 1
C72: dr redho | E72: 1 | H72: 1 | M72: 1 | Q72: dr putri | S72: 1 | V72: 1 | W72: 1 | AS72: dr umum pagi | AW72: 3 | BG72: dr ryant | BK72: 1 | BL72: 1 | BU72: dr yelly | BY72: 1 | BZ72: 1 | CI72: dr. Hafifah | CM72: 1 | CN72: 1
C73: dr sila | F73: 1 | H73: 1 | I73: 1 | Q73: dr pandu | V73: 0 | AS73: dr ruangan pagi | AW73: 3 | BG73: dr lisa | BK73: 1 | BL73: 1 | BU73: dr melfa | BY73: 0 | BZ73: 0 | CI73: dr. Rezky | CM73: 1 | CN73: 1
C74: dr estu | G74: 1 | H74: 1 | Q74: dr tin tin | U74: 1 | V74: 1 | AD74: 16.9.26 | AS74: dr.ruangan siang | AW74: 3 | BG74: dr ari mulyani | BK74: 1 | BL74: 1 | BU74: dr irawati | BW74: 1 | BZ74: 1 | CI74: drg. Redho | CK74: 1 | CM74: 1 | CS74: 1
C75: dr helda | E75: 1 | H75: 1 | Q75: dr andi | S75: 1 | V75: 1 | X75: 1 | AD75: puji | AE75: dr ari | AI75: 1 | AJ75: 1 | AS75: dr.umum siang | AW75: 2 | BG75: dr amin | BK75: 1 | BL75: 1 | BU75: dr arie asnafi | BW75: 1 | BZ75: 1 | CB75: 1 | CI75: drg. Yanti | CM75: 1 | CN75: 1
C76: dr farida | E76: 1 | H76: 1 | I76: 1 | Q76: dr maya | S76: 1 | T76: 2 | V76: 1 | W76: 1 | AE76: denok | AG76: 1 | AJ76: 1 | BG76: dr susi | BI76: 1 | BL76: 1 | BU76: dr ilhandi | BZ76: 1 | CE76: 1 | CI76: dr afrianti | CM76: 1 | CN76: 1
C77: dr saiful | H77: 4 | K77: 2 | Q77: dr lola | S77: 2 | V77: 2 | W77: 2 | AE77: dr reza | AI77: 1 | AJ77: 1 | BG77: dr aseane | BI77: 1 | BL77: 1 | BU77: dr edi budi | BW77: 1 | BZ77: 1 | CI77: dr wisuda | CK77: 1 | CN77: 1
C78: dr tintin | E78: 1 | G78: 1 | H78: 2 | Q78: dr erika | S78: 2 | V78: 2 | AE78: dr ane | AG78: 1 | AJ78: 1 | AR78: 17.09.26 | AS78: dr.ari mulyni | AW78: 1 | AX78: 1 | BG78: dr minan | BI78: 1 | BL78: 1 | BU78: dr.wicaksono | BY78: 1 | BZ78: 1 | CI78: dr.ade widyastuti | CM78: 0 | CN78: 0
C79: dr susi | E79: 1 | H79: 1 | Q79: dr yely | U79: 2 | V79: 2 | AE79: dr rosalina | AI79: 1 | AJ79: 1 | AR79: lista | AS79: dr.alvin | AW79: 1 | AX79: 1 | BG79: dr maechel | BJ79: 3 | BL79: 1 | BU79: dr pinksy | BW79: 2 | BZ79: 1 | CA79: 1 | CI79: dr.anggita | CM79: 1 | CN79: 1 | CS79: 1
C80: dr irawati | Q80: dr irawati | S80: 2 | V80: 2 | AE80: riko | AI80: 1 | AJ80: 1 | AS80: dr.yasminda | AW80: 1 | AX80: 1 | BG80: dr amar | BI80: 1 | BL80: 1 | BU80: dr maya | BW80: 1 | BX80: 2 | BZ80: 1 | CA80: 1 | CI80: dr fauzi | CM80: 1 | CN80: 1
C81: dr arie asnafi | E81: 1 | H81: 1 | M81: 1 | Q81: dr ari a | T81: 3 | V81: 1 | AA81: 1 | AE81: dr yenny | AI81: 1 | AJ81: 1 | AS81: dr.aseanne | AW81: 1 | AX81: 1 | BG81: dr visto | BK81: 1 | BL81: 1 | BU81: dr michael | BY81: 0 | BZ81: 0 | CI81: dr.puti | CM81: 1 | CN81: 1
C82: dr venasius | G82: 1 | H82: 1 | Q82: dr ilhandi | V82: 1 | AA82: 1 | AE82: dr vini | AI82: 1 | AJ82: 1 | AS82: dr.minanul | AU82: 1 | AX82: 1 | BG82: dr ruangan | BK82: 2 | BU82: dr arif | BW82: 1 | BY82: 1 | BZ82: 1 | CI82: dr maya | CK82: 1 | CL82: 1 | CN82: 1 | CO82: 1
C83: lounge dokter | K83: 5 | L83: 3 | Q83: dr ike | S83: 1 | U83: 1 | V83: 1 | AE83: dr sila | AH83: 3 | AJ83: 1 | AK83: 1 | AS83: dr.apuldina | AU83: 1 | AX83: 1 | BG83: dr umum | BK83: 3 | BU83: dr marina | BW83: 1 | BY83: 1 | BZ83: 1 | CI83: dr wicaksono | CM83: 1 | CN83: 1
C84: dr umum pagi | G84: 3 | Q84: dr arif | S84: 1 | U84: 1 | V84: 1 | AE84: dr estu | AI84: 1 | AJ84: 1 | AS84: dr.rosalina | AW84: 1 | AX84: 1 | BU84: dr ruangan pagi | BY84: 3 | CI84: dr.rahma | CM84: 1 | CN84: 1
C85: dr ruangan pagi | G85: 3 | Q85: dr marina | S85: 1 | U85: 1 | V85: 1 | AE85: dr melfa | AI85: 1 | AJ85: 1 | AS85: dr.a.ismail | AW85: 1 | AX85: 1 | BU85: dr umum pagi | BY85: 3 | CI85: dr tri | CN85: 0
C86: dr ismail | G86: 1 | H86: 1 | Q86: dr umum pagi | U86: 3 | AE86: dr farida | AG86: 1 | AJ86: 1 | AK86: 1 | AS86: dr.anastasia | AW86: 1 | AX86: 1 | BF86: 25,9,26 | BG86: dr lola | BI86: 1 | BL86: 1 | BU86: lounge dokter | CC86: 5 | CD86: 5 | CI86: dr ruangan pagi | CM86: 2
C87: dr agusnidar | E87: 1 | H87: 1 | Q87: dr ruangan pagi | U87: 3 | AE87: dr saiful | AJ87: 2 | AM87: bear brand | AS87: dr.retno | AW87: 1 | AX87: 1 | BF87: yurlis | BG87: dr irawati | BI87: 2 | BL87: 1 | BU87: dr.lisa | BY87: 1 | BZ87: 1 | CI87: dr.umum pagi | CM87: 3
C88: dr herman s | E88: 1 | H88: 1 | Q88: LOUNGE DKR | Y88: 3 | Z88: 3 | AE88: dr venansius | AI88: 1 | AJ88: 1 | AS88: dr.vini | AW88: 1 | AX88: 1 | BG88: dr apul | BI88: 1 | BL88: 1 | BU88: dr.anggraeni | BZ88: 0
C89: dr lola | E89: 1 | H89: 1 | I89: 1 | Q89: dr viny | U89: 2 | V89: 2 | AE89: dr herman | AI89: 1 | AJ89: 1 | AS89: dr.estu | AW89: 1 | AX89: 1 | BG89: dr agusnidar | BI89: 1 | BL89: 1 | BU89: dr.isnada | BY89: 0 | BZ89: 0
C90: dr.reihan | E90: 1 | H90: 1 | Q90: dr.anggita | S90: 1 | U90: 1 | V90: 2 | AE90: dr lola | AG90: 1 | AJ90: 1 | AK90: 1 | AS90: dr.ferianto | AV90: 1 | AX90: 1 | AY90: 1 | BG90: dr isnada | BK90: 1 | BL90: 1 | BU90: dr.martha | BV90: 1 | BW90: 1 | BZ90: 1 | CE90: 1
C91: dr.anita | E91: 2 | G91: 2 | H91: 2 | Q91: dr.chintya | V91: 0 | AE91: dr pinski | AG91: 2 | AJ91: 1 | AK91: 1 | AS91: dr.puti | AW91: 1 | AX91: 1 | BG91: dr estu | BK91: 1 | BL91: 1 | BU91: dr.puti | BY91: 1 | BZ91: 1
C92: dr apul | E92: 1 | H92: 1 | Q92: dr.visto | U92: 1 | V92: 1 | AE92: dr susi | AG92: 2 | AJ92: 2 | AS92: dr.karinca | AW92: 1 | AX92: 1 | BG92: dr sila | BJ92: 3 | BL92: 1 | BU92: dr.a.khalif | BW92: 0 | BZ92: 0
C93: dr ade dyias | G93: 1 | H93: 1 | Q93: dr.afif | U93: 1 | V93: 1 | AE93: dr irawati | AG93: 2 | AJ93: 2 | AS93: dr.farida | AU93: 1 | AX93: 1 | BG93: dr saeful | BL93: 2 | BO93: 1 | BU93: dr.venansius | BV93: 0 | BZ93: 0
C94: dr amin | E94: 1 | H94: 1 | Q94: bu amelia | U94: 1 | V94: 1 | AE94: dr budi | AG94: 1 | AJ94: 1 | AS94: drsaiful | AX94: 1 | BG94: dr brilian | BI94: 1 | BL94: 1 | BU94: dr.andy | BW94: 1 | BZ94: 1 | CB94: 1
C95: dr ismail | G95: 1 | H95: 1 | Q95: dr hamidah | U95: 1 | V95: 1 | W95: 1 | AE95: dr umum | AI95: 3 | AS95: dr.usep | AW95: 1 | AX95: 1 | BG95: dr feriyanto | BJ95: 3 | BL95: 1 | BU95: dr.hamidah | BZ95: 0
C96: dr usep | E96: 1 | H96: 1 | I96: 1 | Q96: mcu haji | S96: 1 | U96: 1 | AE96: dr ruangan | AI96: 3 | AS96: dr.dwiyana | AX96: 1 | BG96: dr arie | BI96: 1 | BL96: 1 | BU96: dr.rahmawati | BY96: 1 | BZ96: 1 | CB96: 1
AE97: dr arif | AG97: 1 | AI97: 1 | AJ97: 1 | AS97: dr.lola | AU97: 1 | AX97: 1 | BG97: dr vina | BI97: 1 | BL97: 1 | BU97: dr agusnidar | BW97: 1 | BZ97: 1
P98: 15 09 26 | Q98: dr ari m | U98: 1 | V98: 1 | AE98: dr marina | AG98: 1 | AI98: 1 | AJ98: 1 | AS98: dr.tintin | AW98: 1 | AX98: 1 | BG98: dr ryant | BK98: 1 | BL98: 1 | BU98: dr usep | BY98: 1 | BZ98: 1
Q99: dr amin | U99: 1 | V99: 1 | AE99: dr umum siang | AI99: 3 | AS99: dr.andy n | AW99: 1 | AX99: 1 | AZ99: 1 | BG99: dr lisa | BK99: 1 | BL99: 1 | BU99: dr astri | BY99: 1 | BZ99: 1
P100: ridwan | Q100: dr denok | S100: 1 | V100: 1 | AE100: dr ruangan siang | AI100: 3 | AS100: dr,.erika | AW100: 1 | AX100: 1 | BG100: dr ari mulyani | BK100: 1 | BL100: 1 | BU100: ibu siska | BW100: 1 | BZ100: 1
Q101: dr yasminda | S101: 1 | V101: 1 | AE101: dr ari asnafi | AG101: 1 | AJ101: 1 | AS101: dr,susi | AU101: 1 | AX101: 1 | BG101: dr amin | BK101: 1 | BL101: 1 | CH101: Total | CJ101: =SUM(CJ8:CJ100) -> 0 | CK101: =SUM(CK8:CK100) -> 22 | CL101: =SUM(CL8:CL100) -> 4 | CM101: =SUM(CM8:CM100) -> 60 | CN101: =SUM(CN8:CN100) -> 50 | CO101: =SUM(CO8:CO100) -> 10 | CP101: =SUM(CP8:CP100) -> 0 | CQ101: =SUM(CQ8:CQ100) -> 0 | ... CT101: =SUM(CT8:CT100) -> 0
Q102: dr alvin | U102: 1 | V102: 1 | AS102: dr.melfa | AW102: 1 | AX102: 1 | BG102: dr susi | BI102: 1 | BL102: 1 | BT102: 19,9,26, | CJ102: 7500 | CK102: 5833 | CL102: 1562 | CM102: 9000 | CN102: 1958 | CO102: 1400 | CP102: 1310 | CQ102: 5403 | CR102: 7300 | CS102: 774 | CT102: 8467
Q103: dr ane | S103: 1 | V103: 1 | AS103: dr.irawati | AU103: 1 | AX103: 1 | BG103: dr aseane | BI103: 1 | BL103: 1 | BT103: bekti | BU103: dr aseane | BY103: 1 | BZ103: 1 | CI103: Total | CJ103: =CJ101*CJ102 -> 0 | CK103: =CK101*CK102 -> 128326 | CL103: =CL101*CL102 -> 6248 | CM103: =CM101*CM102 -> 540000 | CN103: =CN101*CN102 -> 97900 | CO103: =CO101*CO102 -> 14000 | CP103: =CP101*CP102 -> 0 | CQ103: =CQ101*CQ102 -> 0 | ... CT103: =CT101*CT102 -> 0
Q104: dr minan | S104: 1 | V104: 1 | AS104: dr.ilhandi | AX104: 1 | BC104: 1 | BG104: dr minan | BI104: 1 | BL104: 1 | BU104: dr minan | BW104: 1 | BZ104: 1 | CI104: total semua | CJ104: =CJ103+CK103+CL103+CM103+CN103+CO103+CP103+CQ103+CR103+CS103+CT103 -> 792666
...

Sheet dokter siang
C3: CATATAN MAKAN DAN MINUMAN DOKTER | Q3: CATATAN MAKAN DAN MINUMAN DOKTER | AE3: CATATAN MAKAN DAN MINUMAN DOKTER | AS3: CATATAN MAKAN DAN MINUMAN DOKTER | BG3: CATATAN MAKAN DAN MINUMAN DOKTER | BU3: CATATAN MAKAN DAN MINUMAN DOKTER | CI3: CATATAN MAKAN DAN MINUMAN DOKTER
C5: senin | Q5: selasa | AE5: rabu | AS5: kamis | BG5: jumat | BU5: sabtu | CI5: minggu
B6: tgl dan petugas | C6: Nama dokter | D6: roti | E6: buah | F6: telur | G6: snack | H6: le mineral 600 | I6: kopi KA | J6: kopi 3 in 1 | K6: pocari | L6: buavita | M6: the | N6: oxy | P6: tgl dan petugas | Q6: Nama dokter | R6: roti | S6: buah | T6: telur | U6: snack | V6: le mineral 600 | W6: kopi KA | X6: kopi 3 in 1 | Y6: pocari | Z6: buavita | AA6: the | AB6: oxy | AD6: tgl dan petugas | AE6: Nama dokter | AF6: roti | AG6: buah | AH6: telur | AI6: snack | AJ6: le mineral 600 | AK6: kopi KA | AL6: kopi 3 in 1 | AM6: pocari | AN6: buavita | AO6: the | AP6: oxy | AR6: tgl dan petugas | AS6: Nama dokter | AT6: roti | AU6: buah | AV6: telur | AW6: snack | AX6: le mineral 600 | AY6: kopi KA | AZ6: kopi 3 in 1 | BA6: pocari | BB6: buavita | BC6: the | BD6: oxy | BF6: tgl dan petugas | BG6: Nama dokter | BH6: roti | BI6: buah | BJ6: telur | BK6: snack | BL6: le mineral 600 | BM6: kopi KA | BN6: kopi 3 in 1 | BO6: pocari | BP6: buavita | BQ6: the | BR6: oxy | BT6: tgl dan petugas | BU6: Nama dokter | BV6: roti | BW6: buah | BX6: telur | BY6: snack | BZ6: le mineral 600 | CA6: kopi KA | CB6: kopi 3 in 1 | CC6: pocari | CD6: buavita | CE6: the | CF6: oxy | CH6: tgl dan petugas | CI6: Nama dokter | CJ6: roti | CK6: buah | CL6: telur | CM6: snack | CN6: le mineral 600 | CO6: kopi KA | CP6: kopi 3 in 1 | CQ6: pocari | CR6: buavita | CS6: the | CT6: oxy
B8: 07.09.26 | C8: dr amin husni | G8: 1 | H8: 1 | P8: 1,9,2026 | Q8: rahma | V8: 0 | AD8: 02.09.2026 | AE8: dr. amin husni | AI8: 1 | AJ8: 1 | AR8: 03.09.26 | AS8: dr maya | AU8: 1 | AV8: 2 | AX8: 1 | AY8: 1 | BF8: 4,9,26 | BG8: dr arif budiman | BI8: 1 | BL8: 1 | BM8: 1 | BT8: 05.09.2026 | BU8: dr amin | BW8: 1 | BZ8: 1 | CH8: titik | CI8: dr umum siang | CM8: 3
B9: lista | C9: dr ari mulyani | G9: 1 | H9: 1 | P9: titik | Q9: dr agusnidar | S9: 1 | V9: 1 | AE9: dr. arif budiman | AG9: 1 | AJ9: 1 | AS9: dr pinski | AU9: 2 | AX9: 1 | AY9: 1 | BF9: ridwan | BG9: dr saka | BK9: 1 | BL9: 1 | BT9: elina | BU9: dr khalif | BW9: 0 | CH9: 6,9,26 | CI9: dr ruangan siang | CM9: 2
C10: dr arif budiman | E10: 1 | H10: 1 | Q10: dr marina | S10: 1 | U10: 1 | V10: 1 | AE10: dr. Michael | AJ10: 2 | AS10: dr hafifah | AU10: 1 | AX10: 1 | BG10: dr michael | BL10: 1 | BU10: dr haris | BW10: 1 | BZ10: 1 | CI10: dr umum malam | CJ10: 3
C11: dr nila | H11: 1 | Q11: dr minan | S11: 1 | V11: 1 | AE11: dr. wisuda | AG11: 1 | AJ11: 1 | AS11: dr agusnidar | AU11: 1 | AX11: 1 | BG11: dr minan | BI11: 1 | BL11: 1 | BU11: dr.ruangan siang | BY11: 3 | CI11: dr ruangan malam | CJ11: 2
C12: dr saka | E12: 1 | H12: 1 | Q12: dr martha | R12: 1 | S12: 1 | V12: 1 | AE12: dr. ledia | AF12: 1 | AJ12: 1 | AS12: dr marina | AU12: 1 | AW12: 1 | AX12: 1 | BG12: dr wisuda | BI12: 1 | BL12: 1 | BU12: dr.umum siang | BY12: 3
C13: dr michael | H13: 2 | Q13: dr haris | S13: 1 | V13: 1 | AE13: dr. agusnidar | AG13: 1 | AJ13: 1 | AS13: dr a. ismail | AW13: 1 | AX13: 1 | BG13: dr ledia | BH13: 1 | BL13: 1 | BU13: dr.ruangan malam | BV13: 2 | CH13: 13,09,26 | CI13: dr umum siang | CM13: 3
C14: dr minanul | E14: 1 | H14: 1 | AE14: dr. edwin | AI14: 1 | AJ14: 1 | AS14: dr martha | AU14: 1 | AX14: 1 | BG14: dr agusnidar | BI14: 1 | BL14: 1 | BU14: dr.umum malam | BV14: 3 | CH14: lista | CI14: dr ruangan siang | CM14: 2
C15: dr wisuda | E15: 1 | H15: 1 | Q15: dr margareta | R15: 1 | V15: 1 | AE15: dr. ismail | AI15: 1 | AJ15: 1 | AS15: dr haris | AU15: 1 | AX15: 1 | BG15: dr rosalina | BK15: 1 | BL15: 1 | BU15: dr fauzi | BV15: 1 | BZ15: 1 | CI15: dr umum malam | CJ15: 3
C16: dr agusnidar | AE16: dr. rita | AI16: 1 | AJ16: 1 | AS16: dr ida farida | AU16: 1 | AV16: 1 | AX16: 1 | BG16: dr edwin | BK16: 1 | BL16: 1 | BU16: dr apul | BW16: 1 | BZ16: 1 | CI16: dr ruangan malam | CJ16: 2
C17: dr hafifah | E17: 1 | G17: 1 | H17: 2 | Q17: dr m fauzi | V17: 0 | AE17: dr. sitti andi | AG17: 1 | AJ17: 1 | AS17: dr margareta | AV17: 1 | AX17: 1 | BG17: dr ismail | BK17: 1 | BL17: 1
C18: dr ilhandi | H18: 1 | M18: 1 | Q18: dr yenny | U18: 1 | V18: 1 | AE18: dr. jans | AG18: 1 | AJ18: 1 | AS18: dr melfa | AW18: 1 | AX18: 1 | BG18: dr retno | BK18: 1 | BL18: 1 | CH18: 20,09,2026 | CI18: dr umum siang | CM18: 3
C19: dr retno | E19: 1 | H19: 1 | Q19: dr lisa | U19: 1 | V19: 1 | AE19: dr. feliana | AI19: 1 | AJ19: 1 | AS19: dr wisuda | AU19: 1 | AX19: 1 | BG19: dr sitti andi | BI19: 2 | BL19: 1 | BT19: titik | BU19: dr amin | BW19: 1 | BZ19: 1 | CH19: ismi | CI19: dr ruangan siang | CM19: 2
C20: dr rezky | G20: 1 | H20: 1 | Q20: dr retno | U20: 1 | V20: 1 | AE20: dr. Harris | AG20: 1 | AJ20: 1 | AS20: dr minan | AU20: 1 | AX20: 1 | BG20: dr andrian | BK20: 1 | BL20: 1 | BT20: 12,9,26 | BU20: dr khalif | BW20: 0 | BZ20: 0 | CI20: dr umum malam | CJ20: 3
C21: dr feliana | G21: 1 | H21: 1 | Q21: dr rezky | U21: 1 | V21: 1 | AE21: dr. martha | AF21: 1 | AG21: 1 | AJ21: 1 | AS21: dr yenni | AW21: 1 | AX21: 1 | BG21: dr feliana | BK21: 1 | BL21: 1 | BU21: dr haris | BW21: 1 | BZ21: 1 | CI21: dr ruangan malam | CJ21: 2
C22: dr harris | E22: 1 | H22: 1 | Q22: dr wicaksono | U22: 1 | V22: 1 | AE22: dr. isnada | AI22: 1 | AJ22: 1 | AS22: dr nila | AX22: 1 | BG22: dr harris | BI22: 1 | BL22: 1 | BU22: dr.ruangan siang | BY22: 3
C23: dr martha | D23: 1 | E23: 1 | H23: 1 | Q23: dr erika | S23: 1 | V23: 1 | AE23: dr. rezaldi | AH23: 1 | AJ23: 1 | AK23: 1 | AS23: dr arfianti | AW23: 1 | AX23: 1 | BG23: dr karinca | BK23: 1 | BL23: 1 | BU23: dr.umum siang | BY23: 3
C24: dr karinca | G24: 1 | H24: 1 | Q24: dr ruangan siang | U24: 3 | AE24: dr. astri | AI24: 1 | AJ24: 1 | AS24: dr anggreani | AW24: 1 | AX24: 1 | BG24: dr helda | BK24: 1 | BL24: 1 | BU24: dr.ruangan malam | BV24: 2 | CH24: 27,9,26 | CI24: dr umum siang | CM24: 3
C25: dr usep | G25: 1 | H25: 1 | Q25: dr umum siang | U25: 3 | AE25: dr. fauzi | AF25: 1 | AJ25: 1 | AS25: dr harris | AX25: 1 | BG25: dr amar | BI25: 1 | BL25: 1 | BU25: dr.umum malam | BV25: 3 | CH25: titik | CI25: dr ruangan siang | CM25: 2
A26: . | C26: dr dwiyana | H26: 1 | L26: 1 | Q26: dr.arfianti | R26: 1 | V26: 1 | AE26: dr. Pras | AG26: 1 | AJ26: 1 | AS26: dr erika | AW26: 1 | AX26: 1 | BG26: dr khalif | BK26: 1 | BL26: 1 | BU26: dr fauzi | BV26: 1 | BZ26: 1 | CI26: dr umum malam | CJ26: 3
A27: . | C27: dr pinsky | E27: 2 | H27: 1 | I27: 1 | Q27: dr rungan malem | R27: 2 | AE27: dr. maya | AG27: 1 | AH27: 1 | AJ27: 1 | AK27: 1 | AS27: dr m fauzi | AX27: 1 | BG27: dr fauzi | BK27: 1 | BL27: 1 | BU27: dr apul | BW27: 1 | BZ27: 1 | CI27: dr ruangan malam | CJ27: 2
C28: dr maya | E28: 1 | F28: 1 | H28: 1 | I28: 1 | Q28: dr umum malem | R28: 3 | AE28: dr. ilham | AF28: 1 | AJ28: 1 | AK28: 1 | AS28: dr. irawati | AU28: 1 | AX28: 1 | BG28: dr venansius | BH28: 1 | BL28: 1
C29: dr ilham | D29: 1 | H29: 1 | I29: 1 | AE29: dr. pinsky | AG29: 1 | AJ29: 1 | AK29: 1 | AS29: dr lisa | AX29: 1 | BG29: dr edi | BI29: 1 | BL29: 1 | BT29: 19,9,26 | BU29: dr ndrian | BY29: 1 | BZ29: 1 | CH29: Total | CJ29: =SUM(CJ8:CJ28) -> 20 | CK29: =SUM(CK8:CK28) -> 0 | CL29: =SUM(CL8:CL28) -> 0 | CM29: =SUM(CM8:CM28) -> 20 | CN29: =SUM(CN8:CN28) -> 0 | CO29: =SUM(CO8:CO28) -> 0 | CP29: =SUM(CP8:CP28) -> 0 | CQ29: =SUM(CQ8:CQ28) -> 0 | ... CT29: =SUM(CT8:CT28) -> 0
C30: dr wicaksono | D30: 1 | H30: 1 | P30: 8,9,26 | Q30: rahma | V30: 0 | AE30: dr. rita | AI30: 1 | AJ30: 1 | AS30: dr retno | AW30: 1 | AX30: 1 | BG30: dr pinsky | BI30: 1 | BL30: 1 | BM30: 1 | BT30: BAYU | BU30: dr amin | BW30: 1 | BZ30: 1 | CJ30: 7500 | CK30: 5833 | CL30: 1562 | CM30: 9000 | CN30: 1958 | CO30: 1400 | CP30: 1310 | CQ30: 5403 | CR30: 7300 | CS30: 774 | CT30: 8467
C31: dr rina | G31: 1 | H31: 1 | P31: titik | Q31: dr agusnidar | S31: 1 | V31: 1 | AE31: dr. susi | AI31: 1 | AJ31: 1 | AS31: dr yanti | AW31: 1 | AX31: 1 | BG31: dr maya | BI31: 1 | BL31: 1 | BM31: 1 | BU31: dr fauzi | BY31: 1 | BZ31: 1 | CI31: Total semua | CJ31: =CJ29*CJ30 -> 150000 | CK31: =CK29*CK30 -> 0 | CL31: =CL29*CL30 -> 0 | CM31: =CM29*CM30 -> 180000 | CN31: =CN29*CN30 -> 0 | CO31: =CO29*CO30 -> 0 | CP31: =CP29*CP30 -> 0 | CQ31: =CQ29*CQ30 -> 0 | ... CT31: =CT29*CT30 -> 0
C32: dr yelly | G32: 1 | H32: 1 | Q32: dr marina | S32: 1 | U32: 1 | V32: 1 | AE32: dr. melfa | AI32: 1 | AJ32: 1 | AS32: dr puti | AW32: 1 | AX32: 1 | BG32: dr ilham | BH32: 1 | BL32: 1 | BM32: 1 | BU32: dr harris | BW32: 1 | BZ32: 1 | CI32: total semua | CJ32: =CJ31+CK31+CL31+CM31+CN31+CO31+CP31+CQ31+CR31+CS31+CT31 -> 330000
C33: dr melfa | G33: 1 | H33: 1 | Q33: dr minan | S33: 1 | V33: 1 | AE33: dr. irawati | BG33: dr rina | BK33: 1 | BL33: 1 | BU33: dr yanti | BY33: 1 | BZ33: 1 | CI33: total snack | CJ33: =CJ29+CK29+CL29+CM29+CQ29+CR29+CT29 -> 40 | CK33: gab roti, buah telur snack, pocari buah vita
C34: dr umum siang | G34: 3 | Q34: dr martha | R34: 1 | S34: 1 | V34: 1 | AE34: dr. hafifah | AI34: 1 | AJ34: 1 | AR34: 10.09.2026 | AS34: dr maya | AU34: 1 | AV34: 2 | AX34: 1 | AY34: 1 | BG34: dr yelly | BK34: 1 | BL34: 1 | BN34: 1 | BU34: dr arif | BW34: 1 | BY34: 1 | BZ34: 1 | CP34: =CO31+CP31+CQ31+CR31+CS31+CT31 -> 0
C35: dr ruangan siang | G35: 3 | Q35: dr haris | S35: 1 | V35: 1 | AE35: dr. ilhandi | AJ35: 1 | AO35: 1 | AR35: elina | AS35: dr pinski | AU35: 2 | AX35: 1 | AY35: 1 | BG35: dr melfa | BK35: 1 | BL35: 1 | BU35: dr rungan malam | BY35: 3 | BZ35: 1 | CS35: =CP34+J156+X122+AL144+AZ128+BN176+CB80 -> 98506
C36: dr ruangan malam | D36: 2 | AE36: dr.umum malam | AF36: 3 | AS36: dr hafifah | AU36: 1 | AX36: 1 | BG36: dr ida farida | BI36: 1 | BJ36: 1 | BL36: 1 | BM36: 1 | BU36: dr umum malam | BY36: 3 | BZ36: 1
C37: dr umum malam | D37: 3 | Q37: dr margareta | R37: 1 | V37: 1 | AE37: dr.ruangan malam | AF37: 2 | AS37: dr agusnidar | AU37: 1 | AX37: 1 | BG37: dr irawati | BI37: 1 | BL37: 1
C38: dr.marina | E38: 1 | G38: 1 | H38: 1 | AS38: dr marina | AU38: 1 | AW38: 1 | AX38: 1 | BG38: dr ilhandi | BL38: 1 | BQ38: 1 | BT38: 46291 | BU38: dr ndrian | BY38: 1 | BZ38: 1
Q39: dr m fauzi | V39: 0 | AS39: dr a. ismail | AW39: 1 | AX39: 1 | BG39: dokter umum | BH39: 3 | BT39: elina | BU39: dr amin | BW39: 1 | BZ39: 1
B40: 14,09,26 | C40: dr amin husni | G40: 1 | H40: 1 | Q40: dr yenny | U40: 1 | V40: 1 | AS40: dr martha | AU40: 1 | AX40: 1 | BG40: dokter jaga | BH40: 2 | BU40: dr fauzi | BY40: 1 | BZ40: 1
B41: lista | C41: dr ari mulyani | G41: 1 | H41: 1 | Q41: dr lisa | U41: 1 | V41: 1 | AE41: dr. amin husni | AS41: dr haris | AU41: 1 | AX41: 1 | BU41: dr harris | BW41: 1 | BZ41: 1
C42: dr arif budiman | E42: 1 | H42: 1 | Q42: dr retno | U42: 1 | V42: 1 | AE42: dr. arif budiman | AS42: dr ida farida | AU42: 1 | AV42: 1 | AX42: 1 | BU42: dr yanti | BW42: 1 | BZ42: 1
C43: dr nila | H43: 1 | Q43: dr rezky | U43: 1 | V43: 1 | AE43: dr. Michael | AS43: dr margareta | AV43: 1 | AX43: 1 | BF43: 11,9,26 | BG43: dr arif budiman | BI43: 1 | BL43: 1 | BM43: 1 | BU43: dr arif | BW43: 1 | BY43: 1 | BZ43: 1
C44: dr saka | E44: 1 | H44: 1 | Q44: dr wicaksono | U44: 1 | V44: 1 | AE44: dr. wisuda | AS44: dr melfa | AW44: 1 | AX44: 1 | BF44: yurlis | BG44: dr saka | BK44: 1 | BL44: 1 | BU44: dr rungan malam | BY44: 3 | BZ44: 1
C45: dr michael | H45: 2 | Q45: dr erika | S45: 1 | V45: 1 | AE45: dr. ledia | AS45: dr wisuda | AU45: 1 | AX45: 1 | BG45: dr michael | BL45: 1 | BU45: dr umum malam | BY45: 3 | BZ45: 1
C46: dr minanul | E46: 1 | H46: 1 | Q46: dr ruangan siang | U46: 3 | AE46: dr. agusnidar | AS46: dr minan | AU46: 1 | AX46: 1 | BG46: dr minan | BI46: 1 | BL46: 1
C47: dr wisuda | E47: 1 | H47: 1 | Q47: dr umum siang | U47: 3 | AE47: dr. edwin | AS47: dr yenni | AW47: 1 | AX47: 1 | BG47: dr wisuda | BI47: 1 | BL47: 1
C48: dr agusnidar | Q48: dr.arfianti | R48: 1 | V48: 1 | AE48: dr. ismail | AS48: dr nila | AX48: 1 | BG48: dr ledia | BH48: 1 | BL48: 1
C49: dr hafifah | E49: 1 | G49: 1 | H49: 2 | Q49: dr rungan malem | R49: 2 | AE49: dr. rita | AS49: dr arfianti | AW49: 1 | AX49: 1 | BG49: dr agusnidar | BI49: 1 | BL49: 1
C50: dr ilhandi | H50: 1 | M50: 1 | Q50: dr umum malem | R50: 3 | AE50: dr. sitti andi | AS50: dr anggreani | AW50: 1 | AX50: 1 | BG50: dr rosalina | BK50: 1 | BL50: 1
C51: dr retno | E51: 1 | H51: 1 | AE51: dr. jans | AS51: dr harris | AX51: 1 | BG51: dr edwin | BK51: 1 | BL51: 1
C52: dr rezky | G52: 1 | H52: 1 | P52: 22,09,2026 | Q52: rahma | U52: 1 | V52: 1 | AE52: dr. feliana | AS52: dr erika | AW52: 1 | AX52: 1 | BG52: dr ismail | BK52: 1 | BL52: 1
C53: dr feliana | G53: 1 | H53: 1 | P53: ismi | Q53: dr agusnidar | S53: 1 | V53: 1 | AE53: dr. Harris | AS53: dr m fauzi | AX53: 1 | BG53: dr retno | BK53: 1 | BL53: 1
C54: dr harris | E54: 1 | H54: 1 | Q54: dr marina | S54: 1 | U54: 1 | V54: 1 | AE54: dr. martha | AS54: dr. irawati | AU54: 1 | AX54: 1 | BG54: dr sitti andi | BI54: 2 | BL54: 1
C55: dr martha | E55: 1 | H55: 1 | Q55: dr minan | S55: 1 | V55: 1 | AE55: dr. isnada | AS55: dr lisa | AW55: 1 | AX55: 1 | BG55: dr andrian | BK55: 1 | BL55: 1
C56: dr karinca | G56: 1 | H56: 1 | Q56: dr martha | U56: 1 | V56: 1 | AE56: dr. rezaldi | AS56: dr retno | AW56: 1 | AX56: 1 | BG56: dr feliana | BK56: 1 | BL56: 1
C57: dr usep | G57: 1 | H57: 1 | Q57: dr haris | S57: 1 | V57: 1 | AE57: dr. astri | AS57: dr yanti | AW57: 1 | AX57: 1 | BG57: dr harris | BI57: 1 | BL57: 1
C58: dr dwiyana | H58: 1 | L58: 1 | Q58: dr margaretha | R58: 1 | V58: 1 | AE58: dr. fauzi | AS58: dr puti | AW58: 1 | AX58: 1 | BG58: dr karinca | BK58: 1 | BL58: 1
C59: dr pinsky | E59: 2 | H59: 1 | I59: 1 | Q59: dr yenny | U59: 1 | V59: 1 | AE59: dr. Pras | BG59: dr helda | BK59: 1 | BL59: 1
C60: dr maya | E60: 1 | F60: 1 | H60: 1 | I60: 1 | Q60: dr liasa | U60: 1 | V60: 1 | AE60: dr. maya | BG60: dr amar | BI60: 1 | BL60: 1
C61: dr ilham | D61: 1 | H61: 1 | I61: 1 | Q61: dr retno | U61: 1 | V61: 1 | AE61: dr. ilham | AR61: 17.09.26 | AS61: dr maya | AU61: 1 | AV61: 2 | AX61: 1 | AY61: 1 | BG61: dr khalif | BK61: 1 | BL61: 1
C62: dr wicaksono | D62: 1 | H62: 1 | Q62: dr rezky | U62: 1 | V62: 1 | AE62: dr. pinsky | AR62: ridwan | AS62: dr pinski | AU62: 2 | AX62: 1 | AY62: 1 | BG62: dr fauzi | BK62: 1 | BL62: 1
C63: dr rina | G63: 1 | H63: 1 | Q63: dr wicaksono | U63: 1 | V63: 1 | AE63: dr. rita | AS63: dr hafifah | AU63: 1 | AX63: 1 | BG63: dr venansius | BH63: 1 | BL63: 1
C64: dr yelly | G64: 1 | H64: 1 | Q64: dr erika | U64: 0 | V64: 0 | AE64: dr. susi | AS64: dr agusnidar | AU64: 1 | AX64: 1 | BG64: dr edi | BI64: 1 | BL64: 1
C65: dr melfa | G65: 1 | H65: 1 | Q65: dr ruangan siang | U65: 3 | AE65: dr. melfa | AS65: dr marina | AU65: 1 | AW65: 1 | AX65: 1 | BG65: dr pinsky | BI65: 1 | BL65: 1 | BM65: 1
C66: dr umum siang | G66: 3 | Q66: dr umum siang | U66: 3 | AE66: dr. irawati | AS66: dr a. ismail | AW66: 1 | AX66: 1 | BG66: dr maya | BI66: 1 | BL66: 1 | BM66: 1
C67: dr ruangan siang | G67: 3 | Q67: dr.arfianti | R67: 1 | V67: 1 | AE67: dr. hafifah | AS67: dr martha | AU67: 1 | AX67: 1 | BG67: dr ilham | BH67: 1 | BL67: 1 | BM67: 1
C68: dr ruangan malam | D68: 2 | Q68: dr rungan malem | R68: 2 | AE68: dr. ilhandi | AS68: dr haris | AU68: 1 | AX68: 1 | BG68: dr rina | BK68: 1 | BL68: 1
C69: dr umum malam | D69: 3 | Q69: dr umum malem | R69: 3 | AE69: dr.umum malam | AS69: dr ida farida | AU69: 1 | AV69: 1 | AX69: 1 | BG69: dr yelly | BK69: 1 | BL69: 1 | BN69: 1
C70: dr.marina | E70: 1 | G70: 1 | H70: 1 | AE70: dr.ruangan malam | AS70: dr margareta | AV70: 1 | AX70: 1 | BG70: dr melfa | BK70: 1 | BL70: 1
AS71: dr melfa | AW71: 1 | AX71: 1 | BG71: dr ida farida | BI71: 1 | BJ71: 1 | BL71: 1 | BM71: 1
B72: titik | C72: dr amin husni | G72: 1 | H72: 1 | AS72: dr wisuda | AU72: 1 | AX72: 1 | BG72: dr irawati | BI72: 1 | BL72: 1
B73: 21,9,26 | C73: dr ari mulyani | G73: 1 | H73: 1 | AD73: 16.9.26 | AS73: dr minan | AU73: 1 | AX73: 1 | BG73: dr ilhandi | BL73: 1 | BQ73: 1
C74: dr arif budiman | E74: 1 | H74: 1 | AD74: puji | AE74: dr amin | AI74: 1 | AJ74: 1 | AS74: dr yenni | AW74: 1 | AX74: 1 | BG74: dokter umum | BH74: 3
C75: dr nila | H75: 1 | AE75: dr nila | AJ75: 1 | AS75: dr nila | AX75: 1 | BG75: dokter jaga | BH75: 2 | BT75: Total | BV75: =SUM(BV8:BV74) -> 12 | BW75: =SUM(BW8:BW74) -> 13 | BX75: =SUM(BX8:BX74) -> 0 | BY75: =SUM(BY8:BY74) -> 31 | BZ75: =SUM(BZ8:BZ74) -> 24 | CA75: =SUM(CA8:CA74) -> 0 | CB75: =SUM(CB8:CB74) -> 0 | CC75: =SUM(CC8:CC74) -> 0 | ... CF75: =SUM(CF8:CF74) -> 0
C76: dr saka | E76: 1 | H76: 1 | AE76: dr michael | AJ76: 1 | AS76: dr arfianti | AW76: 1 | AX76: 1 | BV76: 7500 | BW76: 5833 | BX76: 1562 | BY76: 9000 | BZ76: 1958 | CA76: 1400 | CB76: 1310 | CC76: 5403 | CD76: 7300 | CE76: 774 | CF76: 8467
C77: dr michael | H77: 2 | AE77: dr minan | AG77: 1 | AJ77: 1 | AS77: dr anggreani | AW77: 1 | AX77: 1 | BU77: Total semua | BV77: =BV75*BV76 -> 90000 | BW77: =BW75*BW76 -> 75829 | BX77: =BX75*BX76 -> 0 | BY77: =BY75*BY76 -> 279000 | BZ77: =BZ75*BZ76 -> 46992 | CA77: =CA75*CA76 -> 0 | CB77: =CB75*CB76 -> 0 | CC77: =CC75*CC76 -> 0 | ... CF77: =CF75*CF76 -> 0
C78: dr minanul | E78: 1 | H78: 1 | AE78: dr edwin | AI78: 1 | AJ78: 1 | AS78: dr harris | AX78: 1 | BF78: 18,9,26 | BG78: dr arif budiman | BI78: 1 | BL78: 1 | BM78: 1 | BU78: total semua | BV78: =BV77+BW77+BX77+BY77+BZ77+CA77+CB77+CC77+CD77+CE77+CF77 -> 491821
C79: dr wisuda | E79: 1 | H79: 1 | AE79: dr phimatra | AI79: 1 | AJ79: 1 | AS79: dr erika | AW79: 1 | AX79: 1 | BF79: yurlis | BG79: dr saka | BK79: 1 | BL79: 1 | BU79: total snack | BV79: =BV75+BW75+BX75+BY75+CC75+CD75+CF75 -> 56 | BW79: gab roti, buah telur snack, pocari buah vita
C80: dr agusnidar | AE80: dr a. ismail | AI80: 1 | AJ80: 1 | AS80: dr m fauzi | AX80: 1 | BG80: dr michael | BL80: 1 | CB80: =CA77+CB77+CC77+CD77+CE77+CF77 -> 0
C81: dr hafifah | E81: 1 | G81: 1 | H81: 2 | AE81: dr rita | AI81: 1 | AJ81: 1 | AS81: dr. irawati | AU81: 1 | AX81: 1 | BG81: dr minan | BI81: 1 | BL81: 1
C82: dr ilhandi | H82: 1 | M82: 1 | AE82: dr jans | AG82: 1 | AJ82: 1 | AS82: dr lisa | AW82: 1 | AX82: 1 | BG82: dr wisuda | BI82: 1 | BL82: 1
C83: dr retno | E83: 1 | H83: 1 | AE83: dr martha | AG83: 1 | AJ83: 1 | AS83: dr retno | AW83: 1 | AX83: 1 | BG83: dr ledia | BH83: 1 | BL83: 1
C84: dr rezky | G84: 1 | H84: 1 | AE84: dr rizaldi | AH84: 3 | AJ84: 1 | AK84: 1 | AS84: dr yanti | AW84: 1 | AX84: 1 | BG84: dr agusnidar | BI84: 1 | BL84: 1
C85: dr feliana | G85: 1 | H85: 1 | P85: Total | R85: =SUM(R8:R84) -> 23 | S85: =SUM(S8:S84) -> 16 | T85: =SUM(T8:T84) -> 0 | U85: =SUM(U8:U84) -> 38 | V85: =SUM(V8:V84) -> 39 | W85: =SUM(W8:W84) -> 0 | X85: =SUM(X8:X84) -> 0 | Y85: =SUM(Y8:Y84) -> 0 | ... AB85: =SUM(AB8:AB84) -> 0 | AE85: dr astri | AI85: 1 | AJ85: 1 | AS85: dr puti | AW85: 1 | AX85: 1 | BG85: dr rosalina | BK85: 1 | BL85: 1
AE86: dr dwiyana | AJ86: 1 | AM86: bear brand | BG86: dr edwin | BK86: 1 | BL86: 1
AE87: dr maya | AG87: 1 | AH87: 2 | AJ87: 1 | AK87: 1 | AR87: 24.09.2026 | AS87: dr maya | AU87: 1 | AV87: 2 | AX87: 1 | AY87: 1 | BG87: dr ismail | BK87: 1 | BL87: 1
AE88: dr rina | AI88: 1 | AJ88: 1 | AS88: dr pinski | AU88: 2 | AX88: 1 | AY88: 1 | BG88: dr retno | BK88: 1 | BL88: 1
AE89: dr ilhandi | AJ89: 1 | AO89: 1 | AS89: dr hafifah | AU89: 1 | AX89: 1 | BG89: dr sitti andi | BI89: 2 | BL89: 1
AE90: dr m wisuda | AG90: 1 | AJ90: 1 | AS90: dr agusnidar | AU90: 1 | AX90: 1 | BG90: dr andrian | BK90: 1 | BL90: 1
AE91: dr isnada | AI91: 1 | AJ91: 1 | AS91: dr martha | AU91: 1 | AX91: 1 | BG91: dr feliana | BK91: 1 | BL91: 1
AE92: dr hafifah | AG92: 1 | AJ92: 1 | AS92: dr haris | AU92: 1 | AX92: 1 | BG92: dr harris | BI92: 1 | BL92: 1
AE93: dr arif b | AG93: 1 | AJ93: 1 | AK93: 1 | AS93: dr ida farida | AU93: 1 | AV93: 1 | AX93: 1 | BG93: dr karinca | BK93: 1 | BL93: 1
AE94: dr agusnidar | AG94: 1 | AJ94: 1 | AS94: dr melfa | AW94: 1 | AX94: 1 | BG94: dr helda | BK94: 1 | BL94: 1
AE95: dr siti andi | AG95: 1 | AJ95: 1 | AS95: dr wisuda | AU95: 1 | AX95: 1 | BG95: dr amar | BI95: 1 | BL95: 1
AE96: dr haris | AG96: 1 | AJ96: 1 | AS96: dr minan | AU96: 1 | AX96: 1 | BG96: dr khalif | BK96: 1 | BL96: 1
AE97: dr m fauzi | AF97: 1 | AJ97: 1 | AS97: dr arfianti | AW97: 1 | AX97: 1 | BG97: dr fauzi | BK97: 1 | BL97: 1
AE98: dr ilham | AF98: 1 | AJ98: 1 | AK98: 1 | AS98: dr. irawati | AU98: 1 | AX98: 1 | BG98: dr venansius | BH98: 1 | BL98: 1
AE99: dr pinsky | AG99: 2 | AJ99: 1 | AK99: 1 | AS99: dr lisa | AU99: 1 | AX99: 1 | BG99: dr edi | BI99: 1 | BL99: 1
AE100: dr melfa | AI100: 1 | AJ100: 1 | AS100: dr retno | AW100: 1 | AX100: 1 | BG100: dr pinsky | BI100: 1 | BL100: 1 | BM100: 1
AE101: dr umum mlm | AF101: 3 | AS101: dr yanti | AW101: 1 | AX101: 1 | BG101: dr maya | BI101: 1 | BL101: 1 | BM101: 1
AE102: dr ruangan mlm | AF102: 2 | AS102: dr puti | AW102: 1 | AX102: 1 | BG102: dr ilham | BH102: 1 | BL102: 1 | BM102: 1
AS103: dr martha | AU103: 1 | AX103: 1 | BG103: dr rina | BK103: 1 | BL103: 1
AS104: dokter umum | AT104: 3 | BG104: dr yelly | BK104: 1 | BL104: 1 | BN104: 1
...

Sheet skrining
G2: Harga yang di ajukan oleh marketing | I2: Toko Roti majestik
C3: Tanggal | D3: skrining internal | E3: skrining external | G3: Roti @ 3500 | H3: 3500 | I3: Tanggal | J3: jml | K3: Harga | L3: Total | M3: jml | N3: Harga | O3: Total | P3: jml | Q3: Harga | R3: Total | S3: jml | T3: Harga | U3: Total | V3: total seluruh
C4: 1,9,26 | D4: 40 | G4: dus @700 (per 1 box 70000) | H4: 700 | I4: 1,9,26 | J4: 40 | K4: 6000 | L4: =J4*K4 -> 240000 | O4: =M4*N4 -> 0 | R4: =P4*Q4 -> 0 | U4: =S4*T4 -> 0 | V4: =L4+O4+R4 -> 240000
C5: 8,9,26 | D5: 60 | G5: gelas cleo 220ml @ 458 (harga perdus 22000) | H5: 458 | I5: 8,9,26 | J5: 60 | K5: 6000 | L5: =J5*K5 -> 360000 | O5: =M5*N5 -> 0 | R5: =P5*Q5 -> 0 | U5: =S5*T5 -> 0 | V5: =L5+O5+R5 -> 360000
C6: 9,9,26 | E6: 40 | G6: total | H6: =SUM(H3:H5) -> 4658 | I6: 9,9,26 | J6: 40 | K6: 6000 | L6: =J6*K6 -> 240000 | O6: =M6*N6 -> 0 | R6: =P6*Q6 -> 0 | U6: =S6*T6 -> 0 | V6: =L6+O6+R6 -> 240000
C7: 10,9,26 | D7: 10 | E7: 42 | I7: 10,9,26 | J7: 52 | K7: 6000 | L7: =J7*K7 -> 312000 | O7: =M7*N7 -> 0 | R7: =P7*Q7 -> 0 | U7: =S7*T7 -> 0 | V7: =L7+O7+R7 -> 312000
C8: 15,9,26 | D8: 25 | E8: 40 | I8: 15,9,26 | J8: 65 | K8: 6000 | L8: =J8*K8 -> 390000 | O8: =M8*N8 -> 0 | R8: =P8*Q8 -> 0 | U8: =S8*T8 -> 0 | V8: =L8+O8+R8 -> 390000
C9: 16,9,26 | E9: 40 | I9: 16,9,26 | J9: 40 | K9: 6000 | L9: =J9*K9 -> 240000 | O9: =M9*N9 -> 0 | R9: =P9*Q9 -> 0 | U9: =S9*T9 -> 0 | V9: =L9+O9+R9 -> 240000
C10: 17,9,26 | D10: 8 | I10: 17,9,26 | J10: 8 | K10: 6000 | L10: =J10*K10 -> 48000 | O10: =M10*N10 -> 0 | R10: =P10*Q10 -> 0 | U10: =S10*T10 -> 0 | V10: =L10+O10+R10 -> 48000
C11: 22,09,2026 | D11: 25 | I11: 22,9,26 | J11: 25 | K11: 6000 | L11: =J11*K11 -> 150000 | O11: =M11*N11 -> 0 | R11: =P11*Q11 -> 0 | U11: =S11*T11 -> 0 | V11: =L11+O11+R11 -> 150000
C12: 24,9,26 | D12: 10 | I12: 24,9,26 | J12: 10 | K12: 6000 | L12: =J12*K12 -> 60000 | O12: =M12*N12 -> 0 | R12: =P12*Q12 -> 0 | U12: =S12*T12 -> 0 | V12: =L12+O12+R12 -> 60000
C13: 29,9,26 | D13: 27 | I13: 29,9,26 | J13: 27 | K13: 6000 | L13: =J13*K13 -> 162000 | O13: =M13*N13 -> 0 | R13: =P13*Q13 -> 0 | U13: =S13*T13 -> 0 | V13: =L13+O13+R13 -> 162000
L14: =J14*K14 -> 0 | O14: =M14*N14 -> 0 | R14: =P14*Q14 -> 0 | U14: =S14*T14 -> 0 | V14: =L14+O14+R14 -> 0
L15: =J15*K15 -> 0 | O15: =M15*N15 -> 0 | R15: =P15*Q15 -> 0 | U15: =S15*T15 -> 0 | V15: =L15+O15+R15 -> 0
L16: =J16*K16 -> 0 | O16: =M16*N16 -> 0 | R16: =P16*Q16 -> 0 | U16: =S16*T16 -> 0 | V16: =L16+O16+R16 -> 0
L17: =J17*K17 -> 0 | O17: =M17*N17 -> 0 | R17: =P17*Q17 -> 0 | U17: =S17*T17 -> 0 | V17: =L17+O17+R17 -> 0
L18: =J18*K18 -> 0 | O18: =M18*N18 -> 0 | R18: =P18*Q18 -> 0 | U18: =S18*T18 -> 0 | V18: =L18+O18+R18 -> 0
L19: =J19*K19 -> 0 | O19: =M19*N19 -> 0 | R19: =P19*Q19 -> 0 | U19: =S19*T19 -> 0 | V19: =L19+O19+R19 -> 0
L20: =J20*K20 -> 0 | O20: =M20*N20 -> 0 | R20: =P20*Q20 -> 0 | U20: =S20*T20 -> 0 | V20: =L20+O20+R20 -> 0
L21: =J21*K21 -> 0 | O21: =M21*N21 -> 0 | R21: =P21*Q21 -> 0 | U21: =S21*T21 -> 0 | V21: =L21+O21+R21 -> 0
L22: =J22*K22 -> 0 | O22: =M22*N22 -> 0 | R22: =P22*Q22 -> 0 | U22: =S22*T22 -> 0 | V22: =L22+O22+R22 -> 0
L23: =J23*K23 -> 0 | O23: =M23*N23 -> 0 | R23: =P23*Q23 -> 0 | U23: =S23*T23 -> 0 | V23: =L23+O23+R23 -> 0
C24: TOTAL | D24: =SUM(D4:D23) -> 205 | E24: =SUM(E4:E23) -> 162 | L24: =J24*K24 -> 0 | O24: =M24*N24 -> 0 | R24: =P24*Q24 -> 0 | U24: =S24*T24 -> 0 | V24: =L24+O24+R24 -> 0
C25: Total Semua | E25: =D24+E24 -> 367 | L25: =J25*K25 -> 0 | O25: =M25*N25 -> 0 | R25: =P25*Q25 -> 0 | U25: =S25*T25 -> 0 | V25: =L25+O25+R25 -> 0
L26: =J26*K26 -> 0 | O26: =M26*N26 -> 0 | R26: =P26*Q26 -> 0 | U26: =S26*T26 -> 0 | V26: =L26+O26+R26 -> 0
C27: budjet skrining seharusnya | E27: =E25*4658 -> 1709486 | L27: =J27*K27 -> 0 | O27: =M27*N27 -> 0 | R27: =P27*Q27 -> 0 | U27: =S27*T27 -> 0 | V27: =L27+O27+R27 -> 0
C28: budgjet skrining kenyataannya | E28: =V39 -> 2626986 | L28: =J28*K28 -> 0 | O28: =M28*N28 -> 0 | R28: =P28*Q28 -> 0 | U28: =S28*T28 -> 0 | V28: =L28+O28+R28 -> 0
C29: selisih | E29: =E27-E28 -> -917500 | L29: =J29*K29 -> 0 | O29: =M29*N29 -> 0 | R29: =P29*Q29 -> 0 | U29: =S29*T29 -> 0 | V29: =L29+O29+R29 -> 0
L30: =J30*K30 -> 0 | O30: =M30*N30 -> 0 | R30: =P30*Q30 -> 0 | U30: =S30*T30 -> 0 | V30: =L30+O30+R30 -> 0
L31: =J31*K31 -> 0 | O31: =M31*N31 -> 0 | R31: =P31*Q31 -> 0 | U31: =S31*T31 -> 0 | V31: =L31+O31+R31 -> 0
L32: =J32*K32 -> 0 | O32: =M32*N32 -> 0 | R32: =P32*Q32 -> 0 | U32: =S32*T32 -> 0 | V32: =L32+O32+R32 -> 0
L33: =J33*K33 -> 0 | O33: =M33*N33 -> 0 | R33: =P33*Q33 -> 0 | U33: =S33*T33 -> 0 | V33: =L33+O33+R33 -> 0
L34: =J34*K34 -> 0 | O34: =M34*N34 -> 0 | R34: =P34*Q34 -> 0 | U34: =S34*T34 -> 0 | V34: =L34+O34+R34 -> 0
I35: total | J35: =SUM(J4:J34) -> 367 | L35: =SUM(L4:L34) -> 2202000 | M35: =SUM(M4:M34) -> 0 | O35: =SUM(O4:O34) -> 0 | P35: =SUM(P4:P34) -> 0 | R35: =SUM(R4:R34) -> 0 | S35: =SUM(S4:S34) -> 0 | U35: =SUM(U4:U34) -> 0 | V35: =SUM(V4:V34) -> 2202000
V36: =L35+O35+R35 -> 2202000
V37: =J35+M35 -> 367 | W37: total jmlh roti
S38: =H4+H5 -> 1158 | T38: total dus dan air | V38: =S38*V37 -> 424986
V39: =V36+V38 -> 2626986 | W39: total roti dan dus air

Sheet snack stuba
H2: Harga
B3: Tanggal | C3: snack box | D3: makan | E3: le mineral 330ml | F3: le mineral 600ml | G3: asal stuba | H3: snack @ 12000 | I3: 12000
E4: 40 | H4: dus @700 (per 1 box 70000) | I4: 700
H6: le mineral 330ml @ 1541 (harga per dus 37000) | I6: 1541
H7: total | I7: =SUM(I3:I6) -> 14241
H9: Harga Standar @ 50.000
H10: makan @ 30,000 | I10: 30000
H11: le mineral 330ml @ 1541 (harga per dus 37000) | I11: 1541
H12: snack @ 12000 | I12: =SUM(I10:I11) -> 31541
B25: Total | C25: =SUM(C4:C24) -> 0 | E25: =SUM(E4:E24) -> 40 | F25: =SUM(F4:F24) -> 0
C26: 12000 | E26: 1541 | F26: 1958
B27: total | C27: =C25*C26 -> 0 | E27: =E25*E26 -> 61640 | F27: =F25*F26 -> 0
B28: total semua | C28: =C27+E27+F27 -> 61640

Sheet makan stuba
K2: Harga Standar @ 50.000
B3: Tanggal | C3: Asal Stuba | D3: Jumlh makan | F3: le minera 330 | G3: le mineral 600 | H3: nama rumah makan | I3: harga per box | J3: total biaya makan | K3: makan @ 30,000 | L3: 30000
K4: le mineral 330ml @ 1541 (harga per dus 37000) | L4: 1541
K5: total | L5: =SUM(L3:L4) -> 31541

Sheet PT
G2: Harga Standar @ 50.000
B3: Tanggal | C3: snack annisa | D3: le mineral 330 | E3: le mineral 600 | F3: jumlh buah | G3: makan @ 30,000 | H3: 30000
B4: 07,09,26 | D4: 15 | G4: le mineral 330ml @ 1541 (harga per dus 37000) | H4: 1541
B5: 16.9.26 | D5: 48 | F5: 6 | G5: total | H5: =SUM(H3:H4) -> 31541
B6: 21,09,2026 | D6: 35
B7: 24,09,26 | D7: 24
B19: total | C19: =SUM(C4:C18) -> 0 | D19: =SUM(D4:D18) -> 122 | E19: =SUM(E4:E18) -> 0 | F19: =SUM(F4:F18) -> 6
C20: 12000 | D20: 1541 | E20: 1958 | F20: 5833
B21: total | C21: =C20*C19 -> 0 | D21: =D20*D19 -> 188002 | E21: =E20*E19 -> 0 | F21: =F20*F19 -> 34998

Sheet ok snack
I2: setiap item dikeluarkan 5
B3: tanggal / jam | C3: jumlah pasien | D3: pagi 09,00 | E3: sore 15,00 | F3: kopi 3in 1 | G3: kopi ka | I3: tanggal / jam | J3: yang diinput adalah yang di makan
J4: pop mie | K4: kopi 3in 1 | L4: roti
B5: 46266 | C5: 5 | D5: 5 | I5: 46266 | J5: 5 | K5: 5 | L5: 5
C6: 5 | E6: 5 | F6: 2 | G6: 2 | I6: 02,09,2026 | J6: 5 | K6: 5 | L6: 5
B7: 02,9,2026 | C7: 3 | D7: 4 | I7: 3.9.26 | J7: 5 | K7: 5 | L7: 5
C8: 2 | E8: 3 | I8: 05.09.2026 | J8: 5 | K8: 3 | L8: 5
B9: 3.9.26 | C9: 2 | D9: 6 | I9: 6,9,26 | J9: 5 | K9: 5 | L9: 5
C10: 3 | E10: 3 | F10: 3 | G10: 2 | I10: 7.09.26 | J10: 5 | K10: 5 | L10: 5
B11: 04.09.2026 | C11: 5 | D11: 4 | I11: 8.9.26 | J11: 5 | K11: 5 | L11: 5
C12: 4 | E12: 3 | F12: 3 | G12: 2 | I12: 9,9,2026 | J12: 5 | K12: 5 | L12: 5
B13: 05.09.2026 | C13: 8 | D13: 5 | I13: 10,9,2026 | J13: 5 | K13: 5 | L13: 5
C14: 7 | E14: 5 | F14: 3 | G14: 2 | I14: 11.9.26 | J14: 2 | K14: 2 | L14: 3
B15: 6,9,26 | C15: 5 | D15: 6 | I15: 12.09.26 | J15: 5 | K15: 3 | L15: 5
B16: 7,9,26 | C16: 3 | D16: 2 | I16: 13.09.26 | J16: 5 | K16: 5 | L16: 5
C17: 6 | E17: 3 | F17: 3 | G17: 2 | I17: 14,9,26 | J17: 0 | K17: 0 | L17: 3
I18: 15,9,26 | J18: 5 | K18: 5 | L18: 5
B19: 8.9.26 | C19: 3 | D19: 5 | E19: 4 | I19: 16,09,2026 | J19: 5 | K19: 5 | L19: 5
I20: 17,09,2026 | J20: 0 | K20: 0 | L20: 5
B21: 9.9.26 | C21: 2 | D21: 4 | I21: 18.9.26 | J21: 5 | K21: 5 | L21: 5
C22: 3 | E22: 3 | F22: 3 | G22: 2 | I22: 19,9,26 | J22: 5 | K22: 5 | L22: 5
B23: 10.9.26 | C23: 5 | D23: 5 | I23: 20,09,2026 | J23: 5 | K23: 5 | L23: 5
C24: 2 | E24: 6 | F24: 3 | G24: 2 | I24: 21,9,26
B25: 11.9.26 | C25: 3 | D25: 3 | I25: 22,9,26
C26: 3 | E26: 5 | F26: 3 | G26: 2 | I26: 23,9,26 | J26: 5 | K26: 5 | L26: 5
B27: 12.09.26 | C27: 8 | D27: 5 | I27: 24,09,26 | J27: 5 | K27: 5 | L27: 5
C28: 7 | E28: 5 | F28: 3 | G28: 3 | I28: 25,9,26 | J28: 5 | K28: 5 | L28: 5
B29: 13.09.26 | C29: 3 | D29: 3 | I29: 26,9,26
B30: 14,9,26 | C30: 3 | D30: 3 | E30: 2 | F30: 5 | G30: 3 | I30: 27,9,26 | J30: 5 | K30: 5 | L30: 5
C31: 8 | I31: 28,09,2026 | J31: 5 | K31: 5 | L31: 5
B32: 15,9,26 | C32: 3 | D32: 4
C33: 4 | E33: 6 | F33: 3 | G33: 2
B34: 16,09,2026 | C34: 2 | D34: 2
C35: 3 | E35: 5 | F35: 3 | G35: 2
B37: 17,9,26 | C37: 4 | D37: 6 | I37: total | J37: =SUM(J5:J36) -> 107 | K37: =SUM(K5:K36) -> 103 | L37: =SUM(L5:L36) -> 116
C38: 4 | E38: 6 | F38: 3 | G38: 2 | J38: 4424 | K38: 1310 | L38: 7500
B39: 18.9.26 | C39: 2 | D39: 5 | J39: =J37*J38 -> 473368 | K39: =K37*K38 -> 134930 | L39: =L37*L38 -> 870000
C40: 4 | E40: 5 | F40: 3 | G40: 2
B41: 19,9,26 | C41: 1 | D41: 2 | I41: ok malam | J41: =J39+K39+L39 -> 1478298
C42: 4 | E42: 4 | F42: 3 | G42: 2
B43: 20,09,2026 | C43: 10 | D43: 2
B44: 21 09 26 | C44: 5 | D44: 3
C45: 5 | E45: 6
B48: 23,9,26 | C48: 1 | D48: 3
C49: 3 | E49: 5 | F49: 3 | G49: 3
B51: 24,09,26 | C51: 4 | D51: 5
C52: 4 | E52: 3
B53: 25,09,2026 | C53: 2 | D53: 4
C54: 2 | E54: 3
B55: 26,09,2026
B57: 27,9,26 | C57: 2 | D57: 4
B58: 28,09,2026 | C58: 3 | D58: 5
C59: 1 | E59: 2
B66: total | C66: =SUM(C5:C65) -> 181 | D66: =SUM(D5:D56) -> 96 | E66: =SUM(E5:E55) -> 90 | F66: =SUM(F5:F55) -> 49 | G66: =SUM(G5:G55) -> 35
D67: 8000 | E67: 8000 | F67: 1310 | G67: 1400
B68: total | D68: =D66*D67 -> 768000 | E68: =E66*E67 -> 720000 | F68: =F66*F67 -> 64190 | G68: =G66*G67 -> 49000
C70: total snack yang seharusnya | D70: =C66 -> 181 | F70: =F68+G68+K39+L39+J39 -> 1591488 | G70: gudang
D71: =D70*8000 -> 1448000
C72: total snack kenyataannya | D72: =D68+E68+F68+G68 -> 1601190
C73: efisiensi | D73: =D71-D72 -> -153190

Sheet ok mkn
B3: tanggal / jam | C3: jumlah pasien | D3: makan | J3: makan | P3: makan | V3: gula (kg) | W3: petugas
D4: pagi | E4: tempe goreng | F4: kopi 3in 1 | G4: kopi ka | H4: gula DM | I4: the | J4: siang | K4: tempe goreng | L4: kopi 3in 1 | M4: kopi ka | N4: gula DM | O4: the | P4: sore | Q4: tempe goreng | R4: kopi 3in 1 | S4: kopi ka | T4: gula DM | U4: the
B5: 46266 | C5: 8 | D5: 7 | F5: 3 | G5: 2 | H5: 5 | I5: 4
C6: 8 | J6: 7 | K6: 1
C7: 2 | P7: 3 | W7: bekti, fahrul, bayu, ismi
B8: 2,9,2026 | C8: 3 | D8: 5 | F8: 3 | G8: 2 | H8: 5 | I8: 4
C9: 8 | J9: 8 | K9: 1 | O9: 1
C10: 3 | P10: 3
C11: 4
B12: 3.9.26 | C12: 8 | D12: 6 | F12: 3 | G12: 2 | H12: 5 | I12: 4 | P12: 3
C13: 7 | J13: 5 | K13: 1 | O13: 1
C14: 14 ktrk | P14: 8
B18: 04.09.2026 | C18: 5 | D18: 4 | F18: 3 | G18: 2 | H18: 5 | J18: 6
C19: 4
C20: 2
B21: 05.09.2026 | C21: 8 | D21: 3 | F21: 3 | G21: 2 | H21: 5 | I21: 4
C22: 15 | J22: 9
C23: 4 | P23: 3
B24: 6,9,26 | C24: 9 | D24: 7
C25: 8 | F25: 3 | G25: 3 | H25: 4 | I25: 4 | J25: 6
B26: 7,9,26 | C26: 4 | D26: 3 | G26: 2 | H26: 5 | I26: 4 | W26: bekti yurlis titik ridwan
D27: 11 | J27: 8 | K27: 1
D28: 5 | P28: 3
B30: 8.9.26 | C30: 3 | D30: 4 | F30: 3 | G30: 2 | H30: 3 | I30: 4
C31: 7
B33: 9.9.26 | C33: 3 | D33: 4 | F33: 3 | G33: 2 | H33: 5 | I33: 4
C34: 10 | J34: 9 | K34: 1 | O34: 1
C35: 4 | P35: 3
B36: 10,9,2026 | C36: 2 | D36: 2 | F36: 3 | G36: 2 | H36: 5 | I36: 4
C37: 7 | J37: 7
C38: 13 | P38: 7
B39: 11.9.26 | C39: 4 | D39: 4 | F39: 3 | G39: 2 | H39: 5 | I39: 4
C40: 10 | J40: 8 | K40: 1 | O40: 1
C41: 1 | P41: 5
C42: 4 | P42: 6
B43: 12.09.26 | C43: 8 | D43: 5 | F43: 3 | G43: 3 | H43: 4 | I43: 4
C44: 15 | J44: 9 | K44: 1 | P44: 5
B45: 13.09.26 | C45: 3 | D45: 3 | F45: 3 | G45: 3 | H45: 4 | I45: 4
B46: 14,9,26 | C46: 3 | D46: 5 | F46: 3 | G46: 4 | H46: 5 | I46: 5 | J46: 6 | K46: 1
C47: 6 | O47: 1 | P47: 3
C48: 3
B49: 15,9,26 | C49: 3 | D49: 5 | F49: 3 | G49: 3 | H49: 4 | I49: 4
C50: 11 | J50: 7 | K50: 1
B51: 16,09,2026 | C51: 3 | D51: 5
C52: 6 | J52: 7 | K52: 1 | O52: 1
B53: 17,09,26 | C53: 5 | D53: 5 | F53: 3 | G53: 3 | H53: 4 | I53: 4
C54: 10 | J54: 7 | K54: 1 | O54: 1
C55: 7 | P55: 7
C56: 1 | P56: 3
B57: 18.9.26 | C57: 7 | D57: 6 | F57: 3 | G57: 3 | H57: 5 | I57: 4
C58: 7 | J58: 8 | K58: 1 | O58: 1
C59: 2 | P59: 5 | W59: MAULANA,RISA,BEKTI,RIDWAN
B60: 19,9,26 | C60: 3 | D60: 3
C61: 7 | J61: 8 | K61: 1 | O61: 1
C62: 1 | P62: 2
B63: 20,09,2026 | C63: 2 | D63: 3 | F63: 3 | G63: 3 | H63: 5 | I63: 4 | J63: 2
C64: 1 | P64: 2
B65: 21 06 26 | C65: 5 | D65: 5 | F65: 3 | G65: 3 | H65: 5 | I65: 4
C66: 5 | J66: 8
B67: 22,9,26 | C67: fahrul
W69: maulana,risa,yurlis,ridwan
B70: 23,9,26 | C70: 1 | D70: 3 | F70: 3 | G70: 3 | H70: 5 | I70: 4
C71: 5 | J71: 6 | K71: 1 | O71: 1
C72: 2 | P72: 4
W73: risa.titik.yurlis.bekti
B74: 24,9,26 | C74: 6 | D74: 6 | F74: 3 | G74: 3 | H74: 5 | I74: 4
C75: 6 | J75: 6
C76: 11 | P76: 7
B78: 25,9,26 | C78: 3 | D78: 5
C79: 6 | F79: 3 | G79: 3 | H79: 5 | I79: 4 | J79: 7 | K79: 1
B81: 26,9,26 | C81: fahrul
B84: 27,9,26 | C84: 10 | D84: 5 | F84: 3 | G84: 3 | H84: 5 | I84: 4
C85: 9 | J85: 5
C86: 1 | P86: 3
B87: 28,09,2026 | C87: 2 | D87: 4
C88: 4 | J88: 6 | K88: 1 | O88: 1
C89: 1 | P89: 2
C90: 2 | P90: 4
C106: =SUM(C5:C105) -> 371 | D106: =SUM(D5:D105) -> 133 | E106: =SUM(E5:E105) -> 0 | F106: =SUM(F5:F105) -> 66 | G106: =SUM(G5:G105) -> 60 | H106: =SUM(H5:H105) -> 108 | I106: =SUM(I5:I105) -> 89 | J106: =SUM(J5:J105) -> 165 | ... V106: =SUM(V5:V105) -> 0
D107: 13524 | E107: 1000 | F107: 1310 | G107: 1400 | H107: 650 | I107: 155 | J107: 13524 | K107: 1000 | L107: 1310 | M107: 1400 | N107: 650 | O107: 155 | P107: 13524 | Q107: 1000 | R107: 1309 | S107: 1400 | T107: 650 | U107: 155 | V107: 15961
D108: =D106*D107 -> 1798692 | E108: =E106*E107 -> 0 | F108: =F106*F107 -> 86460 | G108: =G106*G107 -> 84000 | H108: =H106*H107 -> 70200 | I108: =I106*I107 -> 13795 | J108: =J106*J107 -> 2231460 | K108: =K106*K107 -> 16000 | ... V108: =V106*V107 -> 0
D109: extra | E109: =E108+F108+G108+H108+I108 -> 254455 | J109: exstra | K109: =K108+L108+M108+N108+O108 -> 17705 | P109: exstra | Q109: =Q108+R108+S108+T108+U108 -> 0
C111: tempe 1 papan 42 porsi harga 24rebu
C112: perpotong 571 | E112: total makan seharusnya | F112: =D106+J106+P106 -> 389 | G112: total makan kenyataan | H112: =D106+J106+P106 -> 389 | I112: =D108+J108+P108 -> 5260836
C113: minyak 100 | F113: =F112*15000 -> 5835000 | G113: total ekstra | I113: =E109+K109+Q109+V108 -> 272160 | K113: =F108+G108+H108+I108+L108+M108+N108+O108+R108+S108+T108+U108+V108 -> 256160 | L113: gudang
C114: harga tempe 1000 | G114: total makan kenyataan | I114: =SUM(I112:I113) -> 5532996 | J114: =SUM(D108:V108) -> 5532996
H115: selisih | I115: =F113-I114 -> 302004
B118: harga makan mengikuti kelas 2

Sheet supplier
B2: Kebutuhan Pasien (Supl Pak Urip)
B4: Nama B.M | C4: Satuan | E4: Tanggal | CU4: total harga
D5: harga | E5: 1 | H5: 2 | K5: 3 | N5: 4 | Q5: 5 | T5: 6 | W5: 7 | Z5: 8 | AC5: 9 | AF5: 10 | AI5: 11 | AL5: 12 | AO5: 13 | AR5: 14 | AU5: 15 | AX5: 16 | BA5: 17 | BD5: 18 | BG5: 19 | BJ5: 20 | BM5: 21 | BP5: 22 | BS5: 23 | BV5: 24 | BY5: 25 | CB5: 26 | CE5: 27 | CH5: 28 | CK5: 29 | CN5: 30 | CQ5: 31
D6: awal | E6: datang | F6: harga | G6: total | H6: datang | I6: harga | J6: total | K6: datang | L6: harga | M6: total | N6: datang | O6: harga | P6: total | Q6: datang | R6: harga | S6: total | T6: datang | U6: harga | V6: total | W6: datang | X6: harga | Y6: total | Z6: datang | AA6: harga | AB6: total | AC6: datang | AD6: harga | AE6: total | AF6: datang | AG6: harga | AH6: total | AI6: datang | AJ6: harga | AK6: total | AL6: datang | AM6: harga | AN6: total | AO6: datang | AP6: harga | AQ6: total | AR6: datang | AS6: harga | AT6: total | AU6: datang | AV6: harga | AW6: total | AX6: datang | AY6: harga | AZ6: total | BA6: datang | BB6: harga | BC6: total | BD6: datang | BE6: harga | BF6: total | BG6: datang | BH6: harga | BI6: total | BJ6: datang | BK6: harga | BL6: total | BM6: datang | BN6: harga | BO6: total | BP6: datang | BQ6: harga | BR6: total | BS6: datang | BT6: harga | BU6: total | BV6: datang | BW6: harga | BX6: total | BY6: datang | BZ6: harga | CA6: total | CB6: datang | CC6: harga | CD6: total | CE6: datang | CF6: harga | CG6: total | CH6: datang | CI6: harga | CJ6: total | CK6: datang | CL6: harga | CM6: total | CN6: datang | CO6: harga | CP6: total | CQ6: datang | CR6: harga | CS6: total | CT6: total
B7: Gol Ayam | D7: awal
B8: Ati Ayam | C8: pcs | E8: 60 | F8: 2800 | G8: =E8*F8 -> 168000 | J8: =H8*I8 -> 0 | K8: 50 | L8: 2800 | M8: =K8*L8 -> 140000 | P8: =N8*O8 -> 0 | S8: =Q8*R8 -> 0 | T8: 60 | U8: 2800 | V8: =T8*U8 -> 168000 | W8: 60 | X8: 2800 | Y8: =W8*X8 -> 168000 | AB8: =Z8*AA8 -> 0 | AC8: 40 | AD8: 2800 | AE8: =AC8*AD8 -> 112000 | AH8: =AF8*AG8 -> 0 | AI8: 60 | AJ8: 2800 | AK8: =AI8*AJ8 -> 168000 | AN8: =AL8*AM8 -> 0 | AO8: 50 | AP8: 2800 | AQ8: =AO8*AP8 -> 140000 | AT8: =AR8*AS8 -> 0 | AU8: 70 | AV8: 2800 | AW8: =AU8*AV8 -> 196000 | AX8: 60 | AY8: 2800 | AZ8: =AX8*AY8 -> 168000 | BA8: 60 | BB8: 2800 | BC8: =BA8*BB8 -> 168000 | BF8: =BD8*BE8 -> 0 | BG8: 60 | BH8: 2800 | BI8: =BG8*BH8 -> 168000 | BL8: =BJ8*BK8 -> 0 | BM8: 60 | BN8: 2800 | BO8: =BM8*BN8 -> 168000 | BR8: =BP8*BQ8 -> 0 | BS8: 60 | BT8: 2800 | BU8: =BS8*BT8 -> 168000 | BX8: =BV8*BW8 -> 0 | BY8: 80 | BZ8: 2800 | CA8: =BY8*BZ8 -> 224000 | CD8: =CB8*CC8 -> 0 | CE8: 35 | CF8: 2800 | CG8: =CE8*CF8 -> 98000 | CJ8: =CH8*CI8 -> 0 | CK8: 50 | CL8: 2800 | CM8: =CK8*CL8 -> 140000 | CP8: =CN8*CO8 -> 0 | CS8: =CQ8*CR8 -> 0 | CT8: =E8+H8+K8+N8+Q8+T8+W8+Z8+AC8+AF8+AI8+AL8+AO8+AR8+AU8+AX8+BA8+BD8+BG8+BJ8+BM8+BP8+BS8+BV8+BY8+CB8+CE8+CH8+CK8+CN8+CQ8 -> 915 | CU8: =G8+J8+M8+P8+S8+V8+Y8+AB8+AE8+AH8+AK8+AN8+AQ8+AT8+AW8+AZ8+BC8+BF8+BI8+BL8+BO8+BR11+BU8+BX8+CA8+CD8+CG8+CJ8+CM8+CP8+CS8 -> 2562000
B9: Ayam Negeri @8 | C9: ekor | G9: =E9*F9 -> 0 | H9: 2 | I9: 38000 | J9: =H9*I9 -> 76000 | M9: =K9*L9 -> 0 | N9: 2 | O9: 38000 | P9: =N9*O9 -> 76000 | S9: =Q9*R9 -> 0 | V9: =T9*U9 -> 0 | W9: 1.5 | X9: 60000 | Y9: =W9*X9 -> 90000 | AB9: =Z9*AA9 -> 0 | AC9: 2 | AD9: 38000 | AE9: =AC9*AD9 -> 76000 | AH9: =AF9*AG9 -> 0 | AK9: =AI9*AJ9 -> 0 | AN9: =AL9*AM9 -> 0 | AQ9: =AO9*AP9 -> 0 | AT9: =AR9*AS9 -> 0 | AU9: 7 | AV9: 38000 | AW9: =AU9*AV9 -> 266000 | AX9: 2 | AY9: 70000 | AZ9: =AX9*AY9 -> 140000 | BC9: =BA9*BB9 -> 0 | BF9: =BD9*BE9 -> 0 | BI9: =BG9*BH9 -> 0 | BL9: =BJ9*BK9 -> 0 | BO9: =BM9*BN9 -> 0 | BR9: =BP9*BQ9 -> 0 | BU9: =BS9*BT9 -> 0 | BX9: =BV9*BW9 -> 0 | BY9: 8 | BZ9: 38000 | CA9: =BY9*BZ9 -> 304000 | CB9: 18 | CC9: 38000 | CD9: =CB9*CC9 -> 684000 | CG9: =CE9*CF9 -> 0 | CH9: 8 | CI9: 38000 | CJ9: =CH9*CI9 -> 304000 | CM9: =CK9*CL9 -> 0 | CP9: =CN9*CO9 -> 0 | CS9: =CQ9*CR9 -> 0 | CT9: =E9+H9+K9+N9+Q9+T9+W9+Z9+AC9+AF9+AI9+AL9+AO9+AR9+AU9+AX9+BA9+BD9+BG9+BJ9+BM9+BP9+BS9+BV9+BY9+CB9+CE9+CH9+CK9+CN9+CQ9 -> 50.5 | CU9: =G9+J9+M9+P9+S9+V9+Y9+AB9+AE9+AH9+AK9+AN9+AQ9+AT9+AW9+AZ9+BC9+BF9+BI9+BL9+BO9+BR9+BU9+BX9+CA9+CD9+CG9+CJ9+CM9+CP9+CS9 -> 2016000
B10: Fillet Ayam | C10: kg | D10: 48000 | E10: 2 | F10: 58000 | G10: =E10*F10 -> 116000 | H10: 1 | I10: 58000 | J10: =H10*I10 -> 58000 | K10: 4 | L10: 58000 | M10: =K10*L10 -> 232000 | N10: 3 | O10: 58000 | P10: =N10*O10 -> 174000 | S10: =Q10*R10 -> 0 | V10: =T10*U10 -> 0 | Y10: =W10*X10 -> 0 | AB10: =Z10*AA10 -> 0 | AC10: 1 | AD10: 58000 | AE10: =AC10*AD10 -> 58000 | AF10: 3 | AG10: 60000 | AH10: =AF10*AG10 -> 180000 | AI10: 6 | AJ10: 58000 | AK10: =AI10*AJ10 -> 348000 | AN10: =AL10*AM10 -> 0 | AO10: 3 | AP10: 58000 | AQ10: =AO10*AP10 -> 174000 | AT10: =AR10*AS10 -> 0 | AW10: =AU10*AV10 -> 0 | AZ10: =AX10*AY10 -> 0 | BC10: =BA10*BB10 -> 0 | BD10: 2 | BE10: 60000 | BF10: =BD10*BE10 -> 120000 | BI10: =BG10*BH10 -> 0 | BJ10: 2 | BK10: 58000 | BL10: =BJ10*BK10 -> 116000 | BO10: =BM10*BN10 -> 0 | BR10: =BP10*BQ10 -> 0 | BS10: 5 | BT10: 58000 | BU10: =BS10*BT10 -> 290000 | BX10: =BV10*BW10 -> 0 | CA10: =BY10*BZ10 -> 0 | CB10: 3 | CC10: 58000 | CD10: =CB10*CC10 -> 174000 | CG10: =CE10*CF10 -> 0 | CH10: 4 | CI10: 58000 | CJ10: =CH10*CI10 -> 232000 | CM10: =CK10*CL10 -> 0 | CP10: =CN10*CO10 -> 0 | CS10: =CQ10*CR10 -> 0 | CT10: =E10+H10+K10+N10+Q10+T10+W10+Z10+AC10+AF10+AI10+AL10+AO10+AR10+AU10+AX10+BA10+BD10+BG10+BJ10+BM10+BP10+BS10+BV10+BY10+CB10+CE10+CH10+CK10+CN10+CQ10 -> 39 | CU10: =G10+J10+M10+P10+S10+V10+Y10+AB10+AE10+AH10+AK10+AN10+AQ10+AT10+AW10+AZ10+BC10+BF10+BI10+BL10+BO10+BR10+BU10+BX10+CA10+CD10+CG10+CJ10+CM10+CP10+CS10 -> 2272000
B11: fillet Ayam Giling | C11: kg | D11: 50000 | E11: 4 | F11: 58000 | G11: =E11*F11 -> 232000 | J11: =H11*I11 -> 0 | K11: 4 | L11: 58000 | M11: =K11*L11 -> 232000 | P11: =N11*O11 -> 0 | S11: =Q11*R11 -> 0 | V11: =T11*U11 -> 0 | Y11: =W11*X11 -> 0 | Z11: 2 | AA11: 58000 | AB11: =Z11*AA11 -> 116000 | AE11: =AC11*AD11 -> 0 | AH11: =AF11*AG11 -> 0 | AK11: =AI11*AJ11 -> 0 | AN11: =AL11*AM11 -> 0 | AO11: 2 | AP11: 60000 | AQ11: =AO11*AP11 -> 120000 | AT11: =AR11*AS11 -> 0 | AU11: 1 | AV11: 58000 | AW11: =AU11*AV11 -> 58000 | AX11: 7 | AY11: 58000 | AZ11: =AX11*AY11 -> 406000 | BC11: =BA11*BB11 -> 0 | BF11: =BD11*BE11 -> 0 | BI11: =BG11*BH11 -> 0 | BL11: =BJ11*BK11 -> 0 | BO11: =BM11*BN11 -> 0 | BR11: =BP11*BQ11 -> 0 | BS11: 4 | BT11: 58000 | BU11: =BS11*BT11 -> 232000 | BX11: =BV11*BW11 -> 0 | BY11: 9 | BZ11: 58000 | CA11: =BY11*BZ11 -> 522000 | CB11: 4 | CC11: 58000 | CD11: =CB11*CC11 -> 232000 | CG11: =CE11*CF11 -> 0 | CH11: 4 | CI11: 58000 | CJ11: =CH11*CI11 -> 232000 | CM11: =CK11*CL11 -> 0 | CP11: =CN11*CO11 -> 0 | CS11: =CQ11*CR11 -> 0 | CT11: =E11+H11+K11+N11+Q11+T11+W11+Z11+AC11+AF11+AI11+AL11+AO11+AR11+AU11+AX11+BA11+BD11+BG11+BJ11+BM11+BP11+BS11+BV11+BY11+CB11+CE11+CH11+CK11+CN11+CQ11 -> 41 | CU11: =G11+J11+M11+P11+S11+V11+Y11+AB11+AE11+AH11+AK11+AN11+AQ11+AT11+AW11+AZ11+BC11+BF11+BI11+BL11+BO11+BR11+BU11+BX11+CA11+CD11+CG11+CJ11+CM11+CP11+CS11 -> 2382000
B12: Gol Daging | AE12: =AC12*AD12 -> 0
B13: Bakso sapi @50 | C13: bh | D13: 45000 | G13: =E13*F13 -> 0 | J13: =H13*I13 -> 0 | M13: =K13*L13 -> 0 | N13: 4 | O13: 35000 | P13: =N13*O13 -> 140000 | S13: =Q13*R13 -> 0 | V13: =T13*U13 -> 0 | Y13: =W13*X13 -> 0 | AB13: =Z13*AA13 -> 0 | AC13: 3 | AD13: 35000 | AE13: =AC13*AD13 -> 105000 | AH13: =AF13*AG13 -> 0 | AI13: 3 | AJ13: 30000 | AK13: =AI13*AJ13 -> 90000 | AN13: =AL13*AM13 -> 0 | AO13: 3 | AP13: 35000 | AQ13: =AO13*AP13 -> 105000 | AT13: =AR13*AS13 -> 0 | AW13: =AU13*AV13 -> 0 | AZ13: =AX13*AY13 -> 0 | BC13: =BA13*BB13 -> 0 | BF13: =BD13*BE13 -> 0 | BI13: =BG13*BH13 -> 0 | BL13: =BJ13*BK13 -> 0 | BO13: =BM13*BN13 -> 0 | BR13: =BP13*BQ13 -> 0 | BU13: =BS13*BT13 -> 0 | BX13: =BV13*BW13 -> 0 | CA13: =BY13*BZ13 -> 0 | CD13: =CB13*CC13 -> 0 | CG13: =CE13*CF13 -> 0 | CJ13: =CH13*CI13 -> 0 | CK13: 3 | CL13: 35000 | CM13: =CK13*CL13 -> 105000 | CP13: =CN13*CO13 -> 0 | CS13: =CQ13*CR13 -> 0 | CT13: =E13+H13+K13+N13+Q13+T13+W13+Z13+AC13+AF13+AI13+AL13+AO13+AR13+AU13+AX13+BA13+BD13+BG13+BJ13+BM13+BP13+BS13+BV13+BY13+CB13+CE13+CH13+CK13+CN13+CQ13 -> 16 | CU13: =G13+J13+M13+P13+S13+V13+Y13+AB13+AE13+AH13+AK13+AN13+AQ13+AT13+AW13+AZ13+BC13+BF13+BI13+BL13+BO13+BR13+BU13+BX13+CA13+CD13+CG13+CJ13+CM13+CP13+CS13 -> 545000
B14: Bakso Ikan | AC14: 3 | AD14: 32000 | AE14: =AC14*AD14 -> 96000 | AR14: 3 | AS14: 35000 | AT14: =AR14*AS14 -> 105000 | BI14: =BG14*BH14 -> 0
B15: Daging Gandik | C15: kg | D15: 135000 | G15: =E15*F15 -> 0 | H15: 6 | I15: 150000 | J15: =H15*I15 -> 900000 | M15: =K15*L15 -> 0 | P15: =N15*O15 -> 0 | S15: =Q15*R15 -> 0 | V15: =T15*U15 -> 0 | Y15: =W15*X15 -> 0 | AB15: =Z15*AA15 -> 0 | AE15: =AC15*AD15 -> 0 | AH15: =AF15*AG15 -> 0 | AK15: =AI15*AJ15 -> 0 | AN15: =AL15*AM15 -> 0 | AO15: 2.5 | AP15: 150000 | AQ15: =AO15*AP15 -> 375000 | AR15: 10.5 | AS15: 150000 | AT15: =AR15*AS15 -> 1575000 | AW15: =AU15*AV15 -> 0 | AZ15: =AX15*AY15 -> 0 | BC15: =BA15*BB15 -> 0 | BD15: 8 | BE15: 150000 | BF15: =BD15*BE15 -> 1200000 | BI15: =BG15*BH15 -> 0 | BJ15: 10 | BK15: 150000 | BL15: =BJ15*BK15 -> 1500000 | BO15: =BM15*BN15 -> 0 | BR15: =BP15*BQ15 -> 0 | BU15: =BS15*BT15 -> 0 | BX15: =BV15*BW15 -> 0 | CA15: =BY15*BZ15 -> 0 | CD15: =CB15*CC15 -> 0 | CG15: =CE15*CF15 -> 0 | CJ15: =CH15*CI15 -> 0 | CM15: =CK15*CL15 -> 0 | CP15: =CN15*CO15 -> 0 | CS15: =CQ15*CR15 -> 0 | CT15: =E15+H15+K15+N15+Q15+T15+W15+Z15+AC15+AF15+AI15+AL15+AO15+AR15+AU15+AX15+BA15+BD15+BG15+BJ15+BM15+BP15+BS15+BV15+BY15+CB15+CE15+CH15+CK15+CN15+CQ15 -> 37 | CU15: =G15+J15+M15+P15+S15+V15+Y15+AB15+AE15+AH15+AK15+AN15+AQ15+AT15+AW15+AZ15+BC15+BF15+BI15+BL15+BO15+BR15+BU15+BX15+CA15+CD15+CG15+CJ15+CM15+CP15+CS15 -> 5550000
B16: Gandik Giling | C16: kg | D16: 135000 | G16: =E16*F16 -> 0 | J16: =H16*I16 -> 0 | M16: =K16*L16 -> 0 | N16: 1 | O16: 150000 | P16: =N16*O16 -> 150000 | S16: =Q16*R16 -> 0 | V16: =T16*U16 -> 0 | Y16: =W16*X16 -> 0 | AB16: =Z16*AA16 -> 0 | AC16: 2 | AD16: 150000 | AE16: =AC16*AD16 -> 300000 | AF16: 2 | AG16: 150000 | AH16: =AF16*AG16 -> 300000 | AK16: =AI16*AJ16 -> 0 | AL16: 4 | AM16: 150000 | AN16: =AL16*AM16 -> 600000 | AQ16: =AO16*AP16 -> 0 | AR16: 1 | AS16: 150000 | AT16: =AR16*AS16 -> 150000 | AU16: 1.5 | AV16: 150000 | AW16: =AU16*AV16 -> 225000 | AZ16: =AX16*AY16 -> 0 | BC16: =BA16*BB16 -> 0 | BF16: =BD16*BE16 -> 0 | BG16: 3 | BH16: 150000 | BI16: =BG16*BH16 -> 450000 | BJ16: 1 | BK16: 150000 | BL16: =BJ16*BK16 -> 150000 | BO16: =BM16*BN16 -> 0 | BP16: 6 | BQ16: 150000 | BR16: =BP16*BQ16 -> 900000 | BU16: =BS16*BT16 -> 0 | BV16: 1.5 | BW16: 150000 | BX16: =BV16*BW16 -> 225000 | BY16: 1.5 | BZ16: 150000 | CA16: =BY16*BZ16 -> 225000 | CD16: =CB16*CC16 -> 0 | CG16: =CE16*CF16 -> 0 | CJ16: =CH16*CI16 -> 0 | CK16: 2 | CL16: 150000 | CM16: =CK16*CL16 -> 300000 | CP16: =CN16*CO16 -> 0 | CS16: =CQ16*CR16 -> 0 | CT16: =E16+H16+K16+N16+Q16+T16+W16+Z16+AC16+AF16+AI16+AL16+AO16+AR16+AU16+AX16+BA16+BD16+BG16+BJ16+BM16+BP16+BS16+BV16+BY16+CB16+CE16+CH16+CK16+CN16+CQ16 -> 26.5 | CU16: =G16+J16+M16+P16+S16+V16+Y16+AB16+AE16+AH16+AK16+AN16+AQ16+AT16+AW16+AZ16+BC16+BF16+BI16+BL16+BO16+BR16+BU16+BX16+CA16+CD16+CG16+CJ16+CM16+CP16+CS16 -> 3975000
B17: Daging Has Dalam | C17: kg | D17: 135000 | E17: 10.5 | F17: 150000 | G17: =E17*F17 -> 1575000 | J17: =H17*I17 -> 0 | K17: 2.5 | L17: 150000 | M17: =K17*L17 -> 375000 | N17: 10 | O17: 150000 | P17: =N17*O17 -> 1500000 | S17: =Q17*R17 -> 0 | V17: =T17*U17 -> 0 | Y17: =W17*X17 -> 0 | Z17: 7.5 | AA17: 150000 | AB17: =Z17*AA17 -> 1125000 | AE17: =AC17*AD17 -> 0 | AF17: 10 | AG17: 150000 | AH17: =AF17*AG17 -> 1500000 | AI17: 11 | AJ17: 150000 | AK17: =AI17*AJ17 -> 1650000 | AN17: =AL17*AM17 -> 0 | AQ17: =AO17*AP17 -> 0 | AT17: =AR17*AS17 -> 0 | AU17: 8 | AV17: 150000 | AW17: =AU17*AV17 -> 1200000 | AZ17: =AX17*AY17 -> 0 | BC17: =BA17*BB17 -> 0 | BF17: =BD17*BE17 -> 0 | BI17: =BG17*BH17 -> 0 | BL17: =BJ17*BK17 -> 0 | BM17: 10.5 | BN17: 150000 | BO17: =BM17*BN17 -> 1575000 | BR17: =BP17*BQ17 -> 0 | BS17: 3 | BT17: 150000 | BU17: =BS17*BT17 -> 450000 | BV17: 11.5 | BW17: 150000 | BX17: =BV17*BW17 -> 1725000 | BY17: 8.5 | BZ17: 150000 | CA17: =BY17*BZ17 -> 1275000 | CB17: 1.4 | CC17: 150000 | CD17: =CB17*CC17 -> 210000 | CG17: =CE17*CF17 -> 0 | CH17: 8 | CI17: 150000 | CJ17: =CH17*CI17 -> 1200000 | CM17: =CK17*CL17 -> 0 | CP17: =CN17*CO17 -> 0 | CS17: =CQ17*CR17 -> 0 | CT17: =E17+H17+K17+N17+Q17+T17+W17+Z17+AC17+AF17+AI17+AL17+AO17+AR17+AU17+AX17+BA17+BD17+BG17+BJ17+BM17+BP17+BS17+BV17+BY17+CB17+CE17+CH17+CK17+CN17+CQ17 -> 102.4 | CU17: =G17+J17+M17+P17+S17+V17+Y17+AB17+AE17+AH17+AK17+AN17+AQ17+AT17+AW17+AZ17+BC17+BF17+BI17+BL17+BO17+BR17+BU17+BX17+CA17+CD17+CG17+CJ17+CM17+CP17+CS17 -> 15360000
B18: Sosis ayam @15 | C18: pak | D18: 23000 | G18: =E18*F18 -> 0 | J18: =H18*I18 -> 0 | M18: =K18*L18 -> 0 | P18: =N18*O18 -> 0 | S18: =Q18*R18 -> 0 | V18: =T18*U18 -> 0 | Y18: =W18*X18 -> 0 | AB18: =Z18*AA18 -> 0 | AE18: =AC18*AD18 -> 0 | AH18: =AF18*AG18 -> 0 | AK18: =AI18*AJ18 -> 0 | AN18: =AL18*AM18 -> 0 | AQ18: =AO18*AP18 -> 0 | AT18: =AR18*AS18 -> 0 | AW18: =AU18*AV18 -> 0 | AZ18: =AX18*AY18 -> 0 | BC18: =BA18*BB18 -> 0 | BF18: =BD18*BE18 -> 0 | BI18: =BG18*BH18 -> 0 | BL18: =BJ18*BK18 -> 0 | BO18: =BM18*BN18 -> 0 | BR18: =BP18*BQ18 -> 0 | BU18: =BS18*BT18 -> 0 | BX18: =BV18*BW18 -> 0 | CA18: =BY18*BZ18 -> 0 | CD18: =CB18*CC18 -> 0 | CG18: =CE18*CF18 -> 0 | CJ18: =CH18*CI18 -> 0 | CM18: =CK18*CL18 -> 0 | CP18: =CN18*CO18 -> 0 | CS18: =CQ18*CR18 -> 0 | CT18: =E18+H18+K18+N18+Q18+T18+W18+Z18+AC18+AF18+AI18+AL18+AO18+AR18+AU18+AX18+BA18+BD18+BG18+BJ18+BM18+BP18+BS18+BV18+BY18+CB18+CE18+CH18+CK18+CN18+CQ18 -> 0 | CU18: =G18+J18+M18+P18+S18+V18+Y18+AB18+AE18+AH18+AK18+AN18+AQ18+AT18+AW18+AZ18+BC18+BF18+BI18+BL18+BO18+BR18+BU18+BX18+CA18+CD18+CG18+CJ18+CM18+CP18+CS18 -> 0
B19: Gol Ikan
B20: Fillet Tenggiri | C20: kg | D20: 110000 | G20: =E20*F20 -> 0 | H20: 0.5 | I20: 110000 | J20: =H20*I20 -> 55000 | M20: =K20*L20 -> 0 | P20: =N20*O20 -> 0 | S20: =Q20*R20 -> 0 | T20: 2.5 | U20: 110000 | V20: =T20*U20 -> 275000 | Y20: =W20*X20 -> 0 | Z20: 0.5 | AA20: 110000 | AB20: =Z20*AA20 -> 55000 | AE20: =AC20*AD20 -> 0 | AH20: =AF20*AG20 -> 0 | AI20: 0.5 | AJ20: 110000 | AK20: =AI20*AJ20 -> 55000 | AN20: =AL20*AM20 -> 0 | AQ20: =AO20*AP20 -> 0 | AT20: =AR20*AS20 -> 0 | AW20: =AU20*AV20 -> 0 | AX20: 2.5 | AY20: 110000 | AZ20: =AX20*AY20 -> 275000 | BA20: 0.5 | BB20: 114000 | BC20: =BA20*BB20 -> 57000 | BD20: 0.5 | BE20: 114000 | BF20: =BD20*BE20 -> 57000 | BI20: =BG20*BH20 -> 0 | BL20: =BJ20*BK20 -> 0 | BO20: =BM20*BN20 -> 0 | BR20: =BP20*BQ20 -> 0 | BS20: 0.5 | BT20: 114000 | BU20: =BS20*BT20 -> 57000 | BX20: =BV20*BW20 -> 0 | CA20: =BY20*BZ20 -> 0 | CB20: 3.5 | CC20: 115000 | CD20: =CB20*CC20 -> 402500 | CG20: =CE20*CF20 -> 0 | CJ20: =CH20*CI20 -> 0 | CM20: =CK20*CL20 -> 0 | CP20: =CN20*CO20 -> 0 | CS20: =CQ20*CR20 -> 0 | CT20: =E20+H20+K20+N20+Q20+T20+W20+Z20+AC20+AF20+AI20+AL20+AO20+AR20+AU20+AX20+BA20+BD20+BG20+BJ20+BM20+BP20+BS20+BV20+BY20+CB20+CE20+CH20+CK20+CN20+CQ20 -> 11.5 | CU20: =G20+J20+M20+P20+S20+V20+Y20+AB20+AE20+AH20+AK20+AN20+AQ20+AT20+AW20+AZ20+BC20+BF20+BI20+BL20+BO20+BR20+BU20+BX20+CA20+CD20+CG20+CJ20+CM20+CP20+CS20 -> 1288500
G21: =E21*F21 -> 0 | J21: =H21*I21 -> 0 | M21: =K21*L21 -> 0 | P21: =N21*O21 -> 0 | S21: =Q21*R21 -> 0 | V21: =T21*U21 -> 0 | Y21: =W21*X21 -> 0 | AB21: =Z21*AA21 -> 0 | AE21: =AC21*AD21 -> 0 | AH21: =AF21*AG21 -> 0 | AK21: =AI21*AJ21 -> 0 | AN21: =AL21*AM21 -> 0 | AQ21: =AO21*AP21 -> 0 | AT21: =AR21*AS21 -> 0 | AW21: =AU21*AV21 -> 0 | AZ21: =AX21*AY21 -> 0 | BC21: =BA21*BB21 -> 0 | BF21: =BD21*BE21 -> 0 | BI21: =BG21*BH21 -> 0 | BL21: =BJ21*BK21 -> 0 | BO21: =BM21*BN21 -> 0 | BR21: =BP21*BQ21 -> 0 | BU21: =BS21*BT21 -> 0 | BX21: =BV21*BW21 -> 0 | CA21: =BY21*BZ21 -> 0 | CD21: =CB21*CC21 -> 0 | CG21: =CE21*CF21 -> 0 | CJ21: =CH21*CI21 -> 0 | CM21: =CK21*CL21 -> 0 | CP21: =CN21*CO21 -> 0 | CS21: =CQ21*CR21 -> 0 | CT21: =E21+H21+K21+N21+Q21+T21+W21+Z21+AC21+AF21+AI21+AL21+AO21+AR21+AU21+AX21+BA21+BD21+BG21+BJ21+BM21+BP21+BS21+BV21+BY21+CB21+CE21+CH21+CK21+CN21+CQ21 -> 0 | CU21: =G21+J21+M21+P21+S21+V21+Y21+AB21+AE21+AH21+AK21+AN21+AQ21+AT21+AW21+AZ21+BC21+BF21+BI21+BL21+BO21+BR21+BU21+BX21+CA21+CD21+CG21+CJ21+CM21+CP21+CS21 -> 0
B22: Gol Telur
B23: Telur Ayam Negeri | C23: kg | G23: =E23*F23 -> 0 | J23: =H23*I23 -> 0 | M23: =K23*L23 -> 0 | P23: =N23*O23 -> 0 | S23: =Q23*R23 -> 0 | V23: =T23*U23 -> 0 | Y23: =W23*X23 -> 0 | AB23: =Z23*AA23 -> 0 | AE23: =AC23*AD23 -> 0 | AH23: =AF23*AG23 -> 0 | AK23: =AI23*AJ23 -> 0 | AN23: =AL23*AM23 -> 0 | AQ23: =AO23*AP23 -> 0 | AT23: =AR23*AS23 -> 0 | AW23: =AU23*AV23 -> 0 | AZ23: =AX23*AY23 -> 0 | BC23: =BA23*BB23 -> 0 | BF23: =BD23*BE23 -> 0 | BI23: =BG23*BH23 -> 0 | BL23: =BJ23*BK23 -> 0 | BO23: =BM23*BN23 -> 0 | BR23: =BP23*BQ23 -> 0 | BU23: =BS23*BT23 -> 0 | BX23: =BV23*BW23 -> 0 | CA23: =BY23*BZ23 -> 0 | CD23: =CB23*CC23 -> 0 | CG23: =CE23*CF23 -> 0 | CJ23: =CH23*CI23 -> 0 | CM23: =CK23*CL23 -> 0 | CP23: =CN23*CO23 -> 0 | CS23: =CQ23*CR23 -> 0 | CT23: =E23+H23+K23+N23+Q23+T23+W23+Z23+AC23+AF23+AI23+AL23+AO23+AR23+AU23+AX23+BA23+BD23+BG23+BJ23+BM23+BP23+BS23+BV23+BY23+CB23+CE23+CH23+CK23+CN23+CQ23 -> 0 | CU23: =G23+J23+M23+P23+S23+V23+Y23+AB23+AE23+AH23+AK23+AN23+AQ23+AT23+AW23+AZ23+BC23+BF23+BI23+BL23+BO23+BR23+BU23+BX23+CA23+CD23+CG23+CJ23+CM23+CP23+CS23 -> 0
B24: Telur Puyuh | C24: btr | G24: =E24*F24 -> 0 | J24: =H24*I24 -> 0 | M24: =K24*L24 -> 0 | P24: =N24*O24 -> 0 | S24: =Q24*R24 -> 0 | V24: =T24*U24 -> 0 | Y24: =W24*X24 -> 0 | AB24: =Z24*AA24 -> 0 | AE24: =AC24*AD24 -> 0 | AH24: =AF24*AG24 -> 0 | AK24: =AI24*AJ24 -> 0 | AN24: =AL24*AM24 -> 0 | AQ24: =AO24*AP24 -> 0 | AT24: =AR24*AS24 -> 0 | AW24: =AU24*AV24 -> 0 | AZ24: =AX24*AY24 -> 0 | BC24: =BA24*BB24 -> 0 | BF24: =BD24*BE24 -> 0 | BI24: =BG24*BH24 -> 0 | BL24: =BJ24*BK24 -> 0 | BO24: =BM24*BN24 -> 0 | BR24: =BP24*BQ24 -> 0 | BU24: =BS24*BT24 -> 0 | BX24: =BV24*BW24 -> 0 | CA24: =BY24*BZ24 -> 0 | CD24: =CB24*CC24 -> 0 | CG24: =CE24*CF24 -> 0 | CJ24: =CH24*CI24 -> 0 | CM24: =CK24*CL24 -> 0 | CP24: =CN24*CO24 -> 0 | CS24: =CQ24*CR24 -> 0 | CT24: =E24+H24+K24+N24+Q24+T24+W24+Z24+AC24+AF24+AI24+AL24+AO24+AR24+AU24+AX24+BA24+BD24+BG24+BJ24+BM24+BP24+BS24+BV24+BY24+CB24+CE24+CH24+CK24+CN24+CQ24 -> 0 | CU24: =G24+J24+M24+P24+S24+V24+Y24+AB24+AE24+AH24+AK24+AN24+AQ24+AT24+AW24+AZ24+BC24+BF24+BI24+BL24+BO24+BR24+BU24+BX24+CA24+CD24+CG24+CJ24+CM24+CP24+CS24 -> 0
G25: =E25*F25 -> 0 | J25: =H25*I25 -> 0 | M25: =K25*L25 -> 0 | P25: =N25*O25 -> 0 | S25: =Q25*R25 -> 0 | V25: =T25*U25 -> 0 | Y25: =W25*X25 -> 0 | AB25: =Z25*AA25 -> 0 | AE25: =AC25*AD25 -> 0 | AH25: =AF25*AG25 -> 0 | AK25: =AI25*AJ25 -> 0 | AN25: =AL25*AM25 -> 0 | AQ25: =AO25*AP25 -> 0 | AT25: =AR25*AS25 -> 0 | AW25: =AU25*AV25 -> 0 | AZ25: =AX25*AY25 -> 0 | BC25: =BA25*BB25 -> 0 | BF25: =BD25*BE25 -> 0 | BI25: =BG25*BH25 -> 0 | BL25: =BJ25*BK25 -> 0 | BO25: =BM25*BN25 -> 0 | BR25: =BP25*BQ25 -> 0 | BU25: =BS25*BT25 -> 0 | BX25: =BV25*BW25 -> 0 | CA25: =BY25*BZ25 -> 0 | CD25: =CB25*CC25 -> 0 | CG25: =CE25*CF25 -> 0 | CJ25: =CH25*CI25 -> 0 | CM25: =CK25*CL25 -> 0 | CP25: =CN25*CO25 -> 0 | CS25: =CQ25*CR25 -> 0 | CT25: =E25+H25+K25+N25+Q25+T25+W25+Z25+AC25+AF25+AI25+AL25+AO25+AR25+AU25+AX25+BA25+BD25+BG25+BJ25+BM25+BP25+BS25+BV25+BY25+CB25+CE25+CH25+CK25+CN25+CQ25 -> 0 | CU25: =G25+J25+M25+P25+S25+V25+Y25+AB25+AE25+AH25+AK25+AN25+AQ25+AT25+AW25+AZ25+BC25+BF25+BI25+BL25+BO25+BR25+BU25+BX25+CA25+CD25+CG25+CJ25+CM25+CP25+CS25 -> 0
G26: =E26*F26 -> 0 | J26: =H26*I26 -> 0 | M26: =K26*L26 -> 0 | P26: =N26*O26 -> 0 | S26: =Q26*R26 -> 0 | V26: =T26*U26 -> 0 | Y26: =W26*X26 -> 0 | AB26: =Z26*AA26 -> 0 | AE26: =AC26*AD26 -> 0 | AH26: =AF26*AG26 -> 0 | AK26: =AI26*AJ26 -> 0 | AN26: =AL26*AM26 -> 0 | AQ26: =AO26*AP26 -> 0 | AT26: =AR26*AS26 -> 0 | AW26: =AU26*AV26 -> 0 | AZ26: =AX26*AY26 -> 0 | BC26: =BA26*BB26 -> 0 | BF26: =BD26*BE26 -> 0 | BI26: =BG26*BH26 -> 0 | BL26: =BJ26*BK26 -> 0 | BO26: =BM26*BN26 -> 0 | BR26: =BP26*BQ26 -> 0 | BU26: =BS26*BT26 -> 0 | BX26: =BV26*BW26 -> 0 | CA26: =BY26*BZ26 -> 0 | CD26: =CB26*CC26 -> 0 | CG26: =CE26*CF26 -> 0 | CJ26: =CH26*CI26 -> 0 | CM26: =CK26*CL26 -> 0 | CP26: =CN26*CO26 -> 0 | CS26: =CQ26*CR26 -> 0 | CT26: =E26+H26+K26+N26+Q26+T26+W26+Z26+AC26+AF26+AI26+AL26+AO26+AR26+AU26+AX26+BA26+BD26+BG26+BJ26+BM26+BP26+BS26+BV26+BY26+CB26+CE26+CH26+CK26+CN26+CQ26 -> 0 | CU26: =G26+J26+M26+P26+S26+V26+Y26+AB26+AE26+AH26+AK26+AN26+AQ26+AT26+AW26+AZ26+BC26+BF26+BI26+BL26+BO26+BR26+BU26+BX26+CA26+CD26+CG26+CJ26+CM26+CP26+CS26 -> 0
B27: Gol Kacang2an
B28: Kacang Hijau | C28: kg | G28: =E28*F28 -> 0 | J28: =H28*I28 -> 0 | M28: =K28*L28 -> 0 | P28: =N28*O28 -> 0 | S28: =Q28*R28 -> 0 | V28: =T28*U28 -> 0 | Y28: =W28*X28 -> 0 | AB28: =Z28*AA28 -> 0 | AE28: =AC28*AD28 -> 0 | AH28: =AF28*AG28 -> 0 | AK28: =AI28*AJ28 -> 0 | AN28: =AL28*AM28 -> 0 | AQ28: =AO28*AP28 -> 0 | AT28: =AR28*AS28 -> 0 | AW28: =AU28*AV28 -> 0 | AZ28: =AX28*AY28 -> 0 | BC28: =BA28*BB28 -> 0 | BF28: =BD28*BE28 -> 0 | BI28: =BG28*BH28 -> 0 | BL28: =BJ28*BK28 -> 0 | BO28: =BM28*BN28 -> 0 | BR28: =BP28*BQ28 -> 0 | BU28: =BS28*BT28 -> 0 | BX28: =BV28*BW28 -> 0 | CA28: =BY28*BZ28 -> 0 | CD28: =CB28*CC28 -> 0 | CG28: =CE28*CF28 -> 0 | CJ28: =CH28*CI28 -> 0 | CM28: =CK28*CL28 -> 0 | CP28: =CN28*CO28 -> 0 | CS28: =CQ28*CR28 -> 0 | CT28: =E28+H28+K28+N28+Q28+T28+W28+Z28+AC28+AF28+AI28+AL28+AO28+AR28+AU28+AX28+BA28+BD28+BG28+BJ28+BM28+BP28+BS28+BV28+BY28+CB28+CE28+CH28+CK28+CN28+CQ28 -> 0 | CU28: =G28+J28+M28+P28+S28+V28+Y28+AB28+AE28+AH28+AK28+AN28+AQ28+AT28+AW28+AZ28+BC28+BF28+BI28+BL28+BO28+BR28+BU28+BX28+CA28+CD28+CG28+CJ28+CM28+CP28+CS28 -> 0
B29: Kacang Kedelai | C29: kg | G29: =E29*F29 -> 0 | J29: =H29*I29 -> 0 | M29: =K29*L29 -> 0 | P29: =N29*O29 -> 0 | S29: =Q29*R29 -> 0 | V29: =T29*U29 -> 0 | Y29: =W29*X29 -> 0 | AB29: =Z29*AA29 -> 0 | AE29: =AC29*AD29 -> 0 | AH29: =AF29*AG29 -> 0 | AK29: =AI29*AJ29 -> 0 | AN29: =AL29*AM29 -> 0 | AQ29: =AO29*AP29 -> 0 | AT29: =AR29*AS29 -> 0 | AW29: =AU29*AV29 -> 0 | AZ29: =AX29*AY29 -> 0 | BC29: =BA29*BB29 -> 0 | BF29: =BD29*BE29 -> 0 | BI29: =BG29*BH29 -> 0 | BL29: =BJ29*BK29 -> 0 | BO29: =BM29*BN29 -> 0 | BR29: =BP29*BQ29 -> 0 | BU29: =BS29*BT29 -> 0 | BX29: =BV29*BW29 -> 0 | CA29: =BY29*BZ29 -> 0 | CD29: =CB29*CC29 -> 0 | CG29: =CE29*CF29 -> 0 | CJ29: =CH29*CI29 -> 0 | CM29: =CK29*CL29 -> 0 | CP29: =CN29*CO29 -> 0 | CS29: =CQ29*CR29 -> 0 | CT29: =E29+H29+K29+N29+Q29+T29+W29+Z29+AC29+AF29+AI29+AL29+AO29+AR29+AU29+AX29+BA29+BD29+BG29+BJ29+BM29+BP29+BS29+BV29+BY29+CB29+CE29+CH29+CK29+CN29+CQ29 -> 0 | CU29: =G29+J29+M29+P29+S29+V29+Y29+AB29+AE29+AH29+AK29+AN29+AQ29+AT29+AW29+AZ29+BC29+BF29+BI29+BL29+BO29+BR29+BU29+BX29+CA29+CD29+CG29+CJ29+CM29+CP29+CS29 -> 0
B30: Kacang Polong Green Peas 1000gr | C30: Pack | G30: =E30*F30 -> 0 | J30: =H30*I30 -> 0 | M30: =K30*L30 -> 0 | P30: =N30*O30 -> 0 | S30: =Q30*R30 -> 0 | V30: =T30*U30 -> 0 | Y30: =W30*X30 -> 0 | AB30: =Z30*AA30 -> 0 | AE30: =AC30*AD30 -> 0 | AH30: =AF30*AG30 -> 0 | AK30: =AI30*AJ30 -> 0 | AN30: =AL30*AM30 -> 0 | AQ30: =AO30*AP30 -> 0 | AT30: =AR30*AS30 -> 0 | AW30: =AU30*AV30 -> 0 | AZ30: =AX30*AY30 -> 0 | BC30: =BA30*BB30 -> 0 | BF30: =BD30*BE30 -> 0 | BI30: =BG30*BH30 -> 0 | BL30: =BJ30*BK30 -> 0 | BO30: =BM30*BN30 -> 0 | BR30: =BP30*BQ30 -> 0 | BU30: =BS30*BT30 -> 0 | BX30: =BV30*BW30 -> 0 | CA30: =BY30*BZ30 -> 0 | CD30: =CB30*CC30 -> 0 | CG30: =CE30*CF30 -> 0 | CJ30: =CH30*CI30 -> 0 | CM30: =CK30*CL30 -> 0 | CP30: =CN30*CO30 -> 0 | CS30: =CQ30*CR30 -> 0 | CT30: =E30+H30+K30+N30+Q30+T30+W30+Z30+AC30+AF30+AI30+AL30+AO30+AR30+AU30+AX30+BA30+BD30+BG30+BJ30+BM30+BP30+BS30+BV30+BY30+CB30+CE30+CH30+CK30+CN30+CQ30 -> 0 | CU30: =G30+J30+M30+P30+S30+V30+Y30+AB30+AE30+AH30+AK30+AN30+AQ30+AT30+AW30+AZ30+BC30+BF30+BI30+BL30+BO30+BR30+BU30+BX30+CA30+CD30+CG30+CJ30+CM30+CP30+CS30 -> 0
B31: Kacang merah | BI31: =BG31*BH31 -> 0
B32: Kacang Tanah | C32: kg | G32: =E32*F32 -> 0 | J32: =H32*I32 -> 0 | M32: =K32*L32 -> 0 | P32: =N32*O32 -> 0 | S32: =Q32*R32 -> 0 | V32: =T32*U32 -> 0 | Y32: =W32*X32 -> 0 | AB32: =Z32*AA32 -> 0 | AE32: =AC32*AD32 -> 0 | AH32: =AF32*AG32 -> 0 | AK32: =AI32*AJ32 -> 0 | AN32: =AL32*AM32 -> 0 | AQ32: =AO32*AP32 -> 0 | AT32: =AR32*AS32 -> 0 | AW32: =AU32*AV32 -> 0 | AZ32: =AX32*AY32 -> 0 | BC32: =BA32*BB32 -> 0 | BF32: =BD32*BE32 -> 0 | BI32: =BG32*BH32 -> 0 | BJ32: 0.25 | BK32: 48000 | BL32: =BJ32*BK32 -> 12000 | BO32: =BM32*BN32 -> 0 | BR32: =BP32*BQ32 -> 0 | BU32: =BS32*BT32 -> 0 | BX32: =BV32*BW32 -> 0 | CA32: =BY32*BZ32 -> 0 | CD32: =CB32*CC32 -> 0 | CG32: =CE32*CF32 -> 0 | CH32: 0.5 | CI32: 52000 | CJ32: =CH32*CI32 -> 26000 | CM32: =CK32*CL32 -> 0 | CP32: =CN32*CO32 -> 0 | CS32: =CQ32*CR32 -> 0 | CT32: =E32+H32+K32+N32+Q32+T32+W32+Z32+AC32+AF32+AI32+AL32+AO32+AR32+AU32+AX32+BA32+BD32+BG32+BJ32+BM32+BP32+BS32+BV32+BY32+CB32+CE32+CH32+CK32+CN32+CQ32 -> 0.75 | CU32: =G32+J32+M32+P32+S32+V32+Y32+AB32+AE32+AH32+AK32+AN32+AQ32+AT32+AW32+AZ32+BC32+BF32+BI32+BL32+BO32+BR32+BU32+BX32+CA32+CD32+CG32+CJ32+CM32+CP32+CS32 -> 38000
B33: Tahu Bandung | C33: bh | D33: 700 | G33: =E33*F33 -> 0 | J33: =H33*I33 -> 0 | M33: =K33*L33 -> 0 | P33: =N33*O33 -> 0 | S33: =Q33*R33 -> 0 | V33: =T33*U33 -> 0 | Y33: =W33*X33 -> 0 | AB33: =Z33*AA33 -> 0 | AE33: =AC33*AD33 -> 0 | AH33: =AF33*AG33 -> 0 | AK33: =AI33*AJ33 -> 0 | AN33: =AL33*AM33 -> 0 | AQ33: =AO33*AP33 -> 0 | AT33: =AR33*AS33 -> 0 | AW33: =AU33*AV33 -> 0 | AZ33: =AX33*AY33 -> 0 | BC33: =BA33*BB33 -> 0 | BF33: =BD33*BE33 -> 0 | BI33: =BG33*BH33 -> 0 | BL33: =BJ33*BK33 -> 0 | BO33: =BM33*BN33 -> 0 | BR33: =BP33*BQ33 -> 0 | BU33: =BS33*BT33 -> 0 | BX33: =BV33*BW33 -> 0 | CA33: =BY33*BZ33 -> 0 | CD33: =CB33*CC33 -> 0 | CG33: =CE33*CF33 -> 0 | CJ33: =CH33*CI33 -> 0 | CM33: =CK33*CL33 -> 0 | CP33: =CN33*CO33 -> 0 | CS33: =CQ33*CR33 -> 0 | CT33: =E33+H33+K33+N33+Q33+T33+W33+Z33+AC33+AF33+AI33+AL33+AO33+AR33+AU33+AX33+BA33+BD33+BG33+BJ33+BM33+BP33+BS33+BV33+BY33+CB33+CE33+CH33+CK33+CN33+CQ33 -> 0 | CU33: =G33+J33+M33+P33+S33+V33+Y33+AB33+AE33+AH33+AK33+AN33+AQ33+AT33+AW33+AZ33+BC33+BF33+BI33+BL33+BO33+BR33+BU33+BX33+CA33+CD33+CG33+CJ33+CM33+CP33+CS33 -> 0
B34: Tahu Coklat | C34: bh | D34: 700 | G34: =E34*F34 -> 0 | J34: =H34*I34 -> 0 | K34: 1 | L34: 6000 | M34: =K34*L34 -> 6000 | P34: =N34*O34 -> 0 | S34: =Q34*R34 -> 0 | V34: =T34*U34 -> 0 | Y34: =W34*X34 -> 0 | AB34: =Z34*AA34 -> 0 | AE34: =AC34*AD34 -> 0 | AH34: =AF34*AG34 -> 0 | AK34: =AI34*AJ34 -> 0 | AN34: =AL34*AM34 -> 0 | AQ34: =AO34*AP34 -> 0 | AT34: =AR34*AS34 -> 0 | AW34: =AU34*AV34 -> 0 | AZ34: =AX34*AY34 -> 0 | BC34: =BA34*BB34 -> 0 | BF34: =BD34*BE34 -> 0 | BI34: =BG34*BH34 -> 0 | BL34: =BJ34*BK34 -> 0 | BO34: =BM34*BN34 -> 0 | BR34: =BP34*BQ34 -> 0 | BS34: 1 | BT34: 7000 | BU34: =BS34*BT34 -> 7000 | BX34: =BV34*BW34 -> 0 | CA34: =BY34*BZ34 -> 0 | CD34: =CB34*CC34 -> 0 | CG34: =CE34*CF34 -> 0 | CJ34: =CH34*CI34 -> 0 | CM34: =CK34*CL34 -> 0 | CP34: =CN34*CO34 -> 0 | CS34: =CQ34*CR34 -> 0 | CT34: =E34+H34+K34+N34+Q34+T34+W34+Z34+AC34+AF34+AI34+AL34+AO34+AR34+AU34+AX34+BA34+BD34+BG34+BJ34+BM34+BP34+BS34+BV34+BY34+CB34+CE34+CH34+CK34+CN34+CQ34 -> 2 | CU34: =G34+J34+M34+P34+S34+V34+Y34+AB34+AE34+AH34+AK34+AN34+AQ34+AT34+AW34+AZ34+BC34+BF34+BI34+BL34+BO34+BR34+BU34+BX34+CA34+CD34+CG34+CJ34+CM34+CP34+CS34 -> 13000
B35: Tahu Cina | C35: bh | G35: =E35*F35 -> 0 | J35: =H35*I35 -> 0 | M35: =K35*L35 -> 0 | P35: =N35*O35 -> 0 | S35: =Q35*R35 -> 0 | V35: =T35*U35 -> 0 | Y35: =W35*X35 -> 0 | AB35: =Z35*AA35 -> 0 | AE35: =AC35*AD35 -> 0 | AH35: =AF35*AG35 -> 0 | AK35: =AI35*AJ35 -> 0 | AN35: =AL35*AM35 -> 0 | AQ35: =AO35*AP35 -> 0 | AT35: =AR35*AS35 -> 0 | AW35: =AU35*AV35 -> 0 | AZ35: =AX35*AY35 -> 0 | BC35: =BA35*BB35 -> 0 | BF35: =BD35*BE35 -> 0 | BI35: =BG35*BH35 -> 0 | BL35: =BJ35*BK35 -> 0 | BO35: =BM35*BN35 -> 0 | BR35: =BP35*BQ35 -> 0 | BU35: =BS35*BT35 -> 0 | BX35: =BV35*BW35 -> 0 | CA35: =BY35*BZ35 -> 0 | CD35: =CB35*CC35 -> 0 | CG35: =CE35*CF35 -> 0 | CJ35: =CH35*CI35 -> 0 | CM35: =CK35*CL35 -> 0 | CP35: =CN35*CO35 -> 0 | CS35: =CQ35*CR35 -> 0 | CT35: =E35+H35+K35+N35+Q35+T35+W35+Z35+AC35+AF35+AI35+AL35+AO35+AR35+AU35+AX35+BA35+BD35+BG35+BJ35+BM35+BP35+BS35+BV35+BY35+CB35+CE35+CH35+CK35+CN35+CQ35 -> 0 | CU35: =G35+J35+M35+P35+S35+V35+Y35+AB35+AE35+AH35+AK35+AN35+AQ35+AT35+AW35+AZ35+BC35+BF35+BI35+BL35+BO35+BR35+BU35+BX35+CA35+CD35+CG35+CJ35+CM35+CP35+CS35 -> 0
B36: Tempe | C36: ppn | D36: 24000 | E36: 5 | F36: 24000 | G36: =E36*F36 -> 120000 | H36: 1 | I36: 24000 | J36: =H36*I36 -> 24000 | K36: 5 | L36: 24000 | M36: =K36*L36 -> 120000 | N36: 5 | O36: 24000 | P36: =N36*O36 -> 120000 | S36: =Q36*R36 -> 0 | T36: 4 | U36: 24000 | V36: =T36*U36 -> 96000 | W36: 5 | X36: 24000 | Y36: =W36*X36 -> 120000 | Z36: 8 | AA36: 24000 | AB36: =Z36*AA36 -> 192000 | AC36: 2 | AD36: 24000 | AE36: =AC36*AD36 -> 48000 | AF36: 5 | AG36: 24000 | AH36: =AF36*AG36 -> 120000 | AI36: 5 | AJ36: 24000 | AK36: =AI36*AJ36 -> 120000 | AL36: 2 | AM36: 24000 | AN36: =AL36*AM36 -> 48000 | AO36: 5 | AP36: 24000 | AQ36: =AO36*AP36 -> 120000 | AR36: 4 | AS36: 24000 | AT36: =AR36*AS36 -> 96000 | AU36: 5 | AV36: 24000 | AW36: =AU36*AV36 -> 120000 | AX36: 5 | AY36: 24000 | AZ36: =AX36*AY36 -> 120000 | BA36: 5 | BB36: 24000 | BC36: =BA36*BB36 -> 120000 | BD36: 9 | BE36: 24000 | BF36: =BD36*BE36 -> 216000 | BG36: 2 | BH36: 24000 | BI36: =BG36*BH36 -> 48000 | BJ36: 4 | BK36: 24000 | BL36: =BJ36*BK36 -> 96000 | BM36: 4 | BN36: 24000 | BO36: =BM36*BN36 -> 96000 | BP36: 1 | BQ36: 24000 | BR36: =BP36*BQ36 -> 24000 | BS36: 5 | BT36: 24000 | BU36: =BS36*BT36 -> 120000 | BV36: 5 | BW36: 24000 | BX36: =BV36*BW36 -> 120000 | BY36: 4 | BZ36: 24000 | CA36: =BY36*BZ36 -> 96000 | CB36: 5 | CC36: 24000 | CD36: =CB36*CC36 -> 120000 | CE36: 5 | CF36: 24000 | CG36: =CE36*CF36 -> 120000 | CJ36: =CH36*CI36 -> 0 | CK36: 2 | CL36: 24000 | CM36: =CK36*CL36 -> 48000 | CP36: =CN36*CO36 -> 0 | CS36: =CQ36*CR36 -> 0 | CT36: =E36+H36+K36+N36+Q36+T36+W36+Z36+AC36+AF36+AI36+AL36+AO36+AR36+AU36+AX36+BA36+BD36+BG36+BJ36+BM36+BP36+BS36+BV36+BY36+CB36+CE36+CH36+CK36+CN36+CQ36 -> 117 | CU36: =G36+J36+M36+P36+S36+V36+Y36+AB36+AE36+AH36+AK36+AN36+AQ36+AT36+AW36+AZ36+BC36+BF36+BI36+BL36+BO36+BR36+BU36+BX36+CA36+CD36+CG36+CJ36+CM36+CP36+CS36 -> 2808000
B37: Gol Buah-Buahan
B38: Melon | C38: kg | D38: 16000 | G38: =E38*F38 -> 0 | J38: =H38*I38 -> 0 | M38: =K38*L38 -> 0 | P38: =N38*O38 -> 0 | S38: =Q38*R38 -> 0 | V38: =T38*U38 -> 0 | Y38: =W38*X38 -> 0 | AB38: =Z38*AA38 -> 0 | AE38: =AC38*AD38 -> 0 | AH38: =AF38*AG38 -> 0 | AK38: =AI38*AJ38 -> 0 | AL38: 9.7 | AM38: 20000 | AN38: =AL38*AM38 -> 194000 | AQ38: =AO38*AP38 -> 0 | AR38: 1.5 | AS38: 20000 | AT38: =AR38*AS38 -> 30000 | AW38: =AU38*AV38 -> 0 | AZ38: =AX38*AY38 -> 0 | BC38: =BA38*BB38 -> 0 | BD38: 1.6 | BE38: 20000 | BF38: =BD38*BE38 -> 32000 | BI38: =BG38*BH38 -> 0 | BL38: =BJ38*BK38 -> 0 | BO38: =BM38*BN38 -> 0 | BR38: =BP38*BQ38 -> 0 | BU38: =BS38*BT38 -> 0 | BV38: 7 | BW38: 20000 | BX38: =BV38*BW38 -> 140000 | CA38: =BY38*BZ38 -> 0 | CD38: =CB38*CC38 -> 0 | CG38: =CE38*CF38 -> 0 | CH38: 4 | CI38: 20000 | CJ38: =CH38*CI38 -> 80000 | CM38: =CK38*CL38 -> 0 | CP38: =CN38*CO38 -> 0 | CS38: =CQ38*CR38 -> 0 | CT38: =E38+H38+K38+N38+Q38+T38+W38+Z38+AC38+AF38+AI38+AL38+AO38+AR38+AU38+AX38+BA38+BD38+BG38+BJ38+BM38+BP38+BS38+BV38+BY38+CB38+CE38+CH38+CK38+CN38+CQ38 -> 23.8 | CU38: =G38+J38+M38+P38+S38+V38+Y38+AB38+AE38+AH38+AK38+AN38+AQ38+AT38+AW38+AZ38+BC38+BF38+BI38+BL38+BO38+BR38+BU38+BX38+CA38+CD38+CG38+CJ38+CM38+CP38+CS38 -> 476000
B39: Pepaya | C39: kg | D39: 12000 | G39: =E39*F39 -> 0 | H39: 6.5 | I39: 17000 | J39: =H39*I39 -> 110500 | M39: =K39*L39 -> 0 | N39: 3 | O39: 16000 | P39: =N39*O39 -> 48000 | S39: =Q39*R39 -> 0 | T39: 4.5 | U39: 16000 | V39: =T39*U39 -> 72000 | Y39: =W39*X39 -> 0 | Z39: 6.5 | AA39: 16000 | AB39: =Z39*AA39 -> 104000 | AE39: =AC39*AD39 -> 0 | AH39: =AF39*AG39 -> 0 | AK39: =AI39*AJ39 -> 0 | AN39: =AL39*AM39 -> 0 | AQ39: =AO39*AP39 -> 0 | AT39: =AR39*AS39 -> 0 | AW39: =AU39*AV39 -> 0 | AZ39: =AX39*AY39 -> 0 | BC39: =BA39*BB39 -> 0 | BF39: =BD39*BE39 -> 0 | BI39: =BG39*BH39 -> 0 | BL39: =BJ39*BK39 -> 0 | BO39: =BM39*BN39 -> 0 | BR39: =BP39*BQ39 -> 0 | BU39: =BS39*BT39 -> 0 | BX39: =BV39*BW39 -> 0 | CA39: =BY39*BZ39 -> 0 | CB39: 8.8 | CC39: 17000 | CD39: =CB39*CC39 -> 149600 | CG39: =CE39*CF39 -> 0 | CH39: 3 | CI39: 16000 | CJ39: =CH39*CI39 -> 48000 | CM39: =CK39*CL39 -> 0 | CP39: =CN39*CO39 -> 0 | CS39: =CQ39*CR39 -> 0 | CT39: =E39+H39+K39+N39+Q39+T39+W39+Z39+AC39+AF39+AI39+AL39+AO39+AR39+AU39+AX39+BA39+BD39+BG39+BJ39+BM39+BP39+BS39+BV39+BY39+CB39+CE39+CH39+CK39+CN39+CQ39 -> 32.3 | CU39: =G39+J39+M39+P39+S39+V39+Y39+AB39+AE39+AH39+AK39+AN39+AQ39+AT39+AW39+AZ39+BC39+BF39+BI39+BL39+BO39+BR39+BU39+BX39+CA39+CD39+CG39+CJ39+CM39+CP39+CS39 -> 532100
B40: Pisang ambon | C40: kg | D40: 17000 | G40: =E40*F40 -> 0 | J40: =H40*I40 -> 0 | M40: =K40*L40 -> 0 | P40: =N40*O40 -> 0 | S40: =Q40*R40 -> 0 | V40: =T40*U40 -> 0 | Y40: =W40*X40 -> 0 | AB40: =Z40*AA40 -> 0 | AE40: =AC40*AD40 -> 0 | AH40: =AF40*AG40 -> 0 | AK40: =AI40*AJ40 -> 0 | AN40: =AL40*AM40 -> 0 | AQ40: =AO40*AP40 -> 0 | AT40: =AR40*AS40 -> 0 | AU40: 3 | AV40: 22000 | AW40: =AU40*AV40 -> 66000 | AZ40: =AX40*AY40 -> 0 | BC40: =BA40*BB40 -> 0 | BF40: =BD40*BE40 -> 0 | BI40: =BG40*BH40 -> 0 | BL40: =BJ40*BK40 -> 0 | BO40: =BM40*BN40 -> 0 | BR40: =BP40*BQ40 -> 0 | BU40: =BS40*BT40 -> 0 | BX40: =BV40*BW40 -> 0 | CA40: =BY40*BZ40 -> 0 | CD40: =CB40*CC40 -> 0 | CG40: =CE40*CF40 -> 0 | CH40: 7 | CI40: 22000 | CJ40: =CH40*CI40 -> 154000 | CK40: 2.6 | CL40: 22000 | CM40: =CK40*CL40 -> 57200 | CP40: =CN40*CO40 -> 0 | CS40: =CQ40*CR40 -> 0 | CT40: =E40+H40+K40+N40+Q40+T40+W40+Z40+AC40+AF40+AI40+AL40+AO40+AR40+AU40+AX40+BA40+BD40+BG40+BJ40+BM40+BP40+BS40+BV40+BY40+CB40+CE40+CH40+CK40+CN40+CQ40 -> 12.6 | CU40: =G40+J40+M40+P40+S40+V40+Y40+AB40+AE40+AH40+AK40+AN40+AQ40+AT40+AW40+AZ40+BC40+BF40+BI40+BL40+BO40+BR40+BU40+BX40+CA40+CD40+CG40+CJ40+CM40+CP40+CS40 -> 277200
B41: Pisang sunprise | C41: kg | D41: 20000 | G41: =E41*F41 -> 0 | H41: 4.9 | I41: 20000 | J41: =H41*I41 -> 98000 | K41: 1 | L41: 20000 | M41: =K41*L41 -> 20000 | P41: =N41*O41 -> 0 | S41: =Q41*R41 -> 0 | V41: =T41*U41 -> 0 | Y41: =W41*X41 -> 0 | AB41: =Z41*AA41 -> 0 | AC41: 2.8 | AD41: 22000 | AE41: =AC41*AD41 -> 61600 | AH41: =AF41*AG41 -> 0 | AK41: =AI41*AJ41 -> 0 | AN41: =AL41*AM41 -> 0 | AQ41: =AO41*AP41 -> 0 | AT41: =AR41*AS41 -> 0 | AW41: =AU41*AV41 -> 0 | AX41: 1 | AY41: 22000 | AZ41: =AX41*AY41 -> 22000 | BC41: =BA41*BB41 -> 0 | BF41: =BD41*BE41 -> 0 | BI41: =BG41*BH41 -> 0 | BL41: =BJ41*BK41 -> 0 | BM41: 4.2 | BN41: 22000 | BO41: =BM41*BN41 -> 92400 | BR41: =BP41*BQ41 -> 0 | BS41: 9 | BT41: 22000 | BU41: =BS41*BT41 -> 198000 | BV41: 8.3 | BW41: 22000 | BX41: =BV41*BW41 -> 182600 | BY41: 8.7 | BZ41: 22000 | CA41: =BY41*BZ41 -> 191400 | CD41: =CB41*CC41 -> 0 | CE41: 4.25 | CF41: 20000 | CG41: =CE41*CF41 -> 85000 | CJ41: =CH41*CI41 -> 0 | CM41: =CK41*CL41 -> 0 | CP41: =CN41*CO41 -> 0 | CS41: =CQ41*CR41 -> 0 | CT41: =E41+H41+K41+N41+Q41+T41+W41+Z41+AC41+AF41+AI41+AL41+AO41+AR41+AU41+AX41+BA41+BD41+BG41+BJ41+BM41+BP41+BS41+BV41+BY41+CB41+CE41+CH41+CK41+CN41+CQ41 -> 44.15 | CU41: =G41+J41+M41+P41+S41+V41+Y41+AB41+AE41+AH41+AK41+AN41+AQ41+AT41+AW41+AZ41+BC41+BF41+BI41+BL41+BO41+BR41+BU41+BX41+CA41+CD41+CG41+CJ41+CM41+CP41+CS41 -> 951000
B42: Semangka | C42: kg | D42: 12000 | G42: =E42*F42 -> 0 | J42: =H42*I42 -> 0 | M42: =K42*L42 -> 0 | P42: =N42*O42 -> 0 | S42: =Q42*R42 -> 0 | V42: =T42*U42 -> 0 | Y42: =W42*X42 -> 0 | Z42: 4.8 | AA42: 17000 | AB42: =Z42*AA42 -> 81600 | AE42: =AC42*AD42 -> 0 | AH42: =AF42*AG42 -> 0 | AI42: 5.4 | AJ42: 17000 | AK42: =AI42*AJ42 -> 91800 | AN42: =AL42*AM42 -> 0 | AO42: 5.2 | AP42: 17000 | AQ42: =AO42*AP42 -> 88400 | AT42: =AR42*AS42 -> 0 | AW42: =AU42*AV42 -> 0 | AX42: 4.8 | AY42: 16000 | AZ42: =AX42*AY42 -> 76800 | BC42: =BA42*BB42 -> 0 | BD42: 5.2 | BE42: 17000 | BF42: =BD42*BE42 -> 88400 | BI42: =BG42*BH42 -> 0 | BL42: =BJ42*BK42 -> 0 | BM42: 4.5 | BN42: 15000 | BO42: =BM42*BN42 -> 67500 | BR42: =BP42*BQ42 -> 0 | BU42: =BS42*BT42 -> 0 | BX42: =BV42*BW42 -> 0 | CA42: =BY42*BZ42 -> 0 | CD42: =CB42*CC42 -> 0 | CG42: =CE42*CF42 -> 0 | CJ42: =CH42*CI42 -> 0 | CM42: =CK42*CL42 -> 0 | CP42: =CN42*CO42 -> 0 | CS42: =CQ42*CR42 -> 0 | CT42: =E42+H42+K42+N42+Q42+T42+W42+Z42+AC42+AF42+AI42+AL42+AO42+AR42+AU42+AX42+BA42+BD42+BG42+BJ42+BM42+BP42+BS42+BV42+BY42+CB42+CE42+CH42+CK42+CN42+CQ42 -> 29.9 | CU42: =G42+J42+M42+P42+S42+V42+Y42+AB42+AE42+AH42+AK42+AN42+AQ42+AT42+AW42+AZ42+BC42+BF42+BI42+BL42+BO42+BR42+BU42+BX42+CA42+CD42+CG42+CJ42+CM42+CP42+CS42 -> 494500
B43: Gol Sayuran | AY43: 16000
B44: Bawang Bombay | C44: kg | D44: 30000 | G44: =E44*F44 -> 0 | H44: 1 | I44: 35000 | J44: =H44*I44 -> 35000 | M44: =K44*L44 -> 0 | P44: =N44*O44 -> 0 | S44: =Q44*R44 -> 0 | V44: =T44*U44 -> 0 | Y44: =W44*X44 -> 0 | Z44: 1 | AA44: 40000 | AB44: =Z44*AA44 -> 40000 | AE44: =AC44*AD44 -> 0 | AH44: =AF44*AG44 -> 0 | AK44: =AI44*AJ44 -> 0 | AN44: =AL44*AM44 -> 0 | AQ44: =AO44*AP44 -> 0 | AT44: =AR44*AS44 -> 0 | AW44: =AU44*AV44 -> 0 | AX44: 0.5 | AY44: 40000 | AZ44: =AX44*AY44 -> 20000 | BC44: =BA44*BB44 -> 0 | BF44: =BD44*BE44 -> 0 | BI44: =BG44*BH44 -> 0 | BL44: =BJ44*BK44 -> 0 | BM44: 0.5 | BN44: 40000 | BO44: =BM44*BN44 -> 20000 | BR44: =BP44*BQ44 -> 0 | BU44: =BS44*BT44 -> 0 | BX44: =BV44*BW44 -> 0 | CA44: =BY44*BZ44 -> 0 | CD44: =CB44*CC44 -> 0 | CG44: =CE44*CF44 -> 0 | CJ44: =CH44*CI44 -> 0 | CM44: =CK44*CL44 -> 0 | CP44: =CN44*CO44 -> 0 | CS44: =CQ44*CR44 -> 0 | CT44: =E44+H44+K44+N44+Q44+T44+W44+Z44+AC44+AF44+AI44+AL44+AO44+AR44+AU44+AX44+BA44+BD44+BG44+BJ44+BM44+BP44+BS44+BV44+BY44+CB44+CE44+CH44+CK44+CN44+CQ44 -> 3 | CU44: =G44+J44+M44+P44+S44+V44+Y44+AB44+AE44+AH44+AK44+AN44+AQ44+AT44+AW44+AZ44+BC44+BF44+BI44+BL44+BO44+BR44+BU44+BX44+CA44+CD44+CG44+CJ44+CM44+CP44+CS44 -> 115000
B45: Bawang Merah Iris | C45: kg | G45: =E45*F45 -> 0 | J45: =H45*I45 -> 0 | M45: =K45*L45 -> 0 | N45: 1 | O45: 45000 | P45: =N45*O45 -> 45000 | S45: =Q45*R45 -> 0 | V45: =T45*U45 -> 0 | Y45: =W45*X45 -> 0 | AB45: =Z45*AA45 -> 0 | AE45: =AC45*AD45 -> 0 | AH45: =AF45*AG45 -> 0 | AK45: =AI45*AJ45 -> 0 | AN45: =AL45*AM45 -> 0 | AQ45: =AO45*AP45 -> 0 | AT45: =AR45*AS45 -> 0 | AW45: =AU45*AV45 -> 0 | AZ45: =AX45*AY45 -> 0 | BA45: 1 | BB45: 45000 | BC45: =BA45*BB45 -> 45000 | BF45: =BD45*BE45 -> 0 | BI45: =BG45*BH45 -> 0 | BL45: =BJ45*BK45 -> 0 | BO45: =BM45*BN45 -> 0 | BR45: =BP45*BQ45 -> 0 | BU45: =BS45*BT45 -> 0 | BX45: =BV45*BW45 -> 0 | CA45: =BY45*BZ45 -> 0 | CD45: =CB45*CC45 -> 0 | CG45: =CE45*CF45 -> 0 | CJ45: =CH45*CI45 -> 0 | CM45: =CK45*CL45 -> 0 | CP45: =CN45*CO45 -> 0 | CS45: =CQ45*CR45 -> 0 | CT45: =E45+H45+K45+N45+Q45+T45+W45+Z45+AC45+AF45+AI45+AL45+AO45+AR45+AU45+AX45+BA45+BD45+BG45+BJ45+BM45+BP45+BS45+BV45+BY45+CB45+CE45+CH45+CK45+CN45+CQ45 -> 2 | CU45: =G45+J45+M45+P45+S45+V45+Y45+AB45+AE45+AH45+AK45+AN45+AQ45+AT45+AW45+AZ45+BC45+BF45+BI45+BL45+BO45+BR45+BU45+BX45+CA45+CD45+CG45+CJ45+CM45+CP45+CS45 -> 90000
B46: Bawang Daun | C46: kg | D46: 20000 | G46: =E46*F46 -> 0 | J46: =H46*I46 -> 0 | M46: =K46*L46 -> 0 | P46: =N46*O46 -> 0 | S46: =Q46*R46 -> 0 | V46: =T46*U46 -> 0 | Y46: =W46*X46 -> 0 | AB46: =Z46*AA46 -> 0 | AE46: =AC46*AD46 -> 0 | AH46: =AF46*AG46 -> 0 | AK46: =AI46*AJ46 -> 0 | AN46: =AL46*AM46 -> 0 | AO46: 1 | AP46: 23000 | AQ46: =AO46*AP46 -> 23000 | AT46: =AR46*AS46 -> 0 | AW46: =AU46*AV46 -> 0 | AZ46: =AX46*AY46 -> 0 | BC46: =BA46*BB46 -> 0 | BF46: =BD46*BE46 -> 0 | BI46: =BG46*BH46 -> 0 | BL46: =BJ46*BK46 -> 0 | BO46: =BM46*BN46 -> 0 | BP46: 0.5 | BQ46: 24000 | BR46: =BP46*BQ46 -> 12000 | BU46: =BS46*BT46 -> 0 | BX46: =BV46*BW46 -> 0 | CA46: =BY46*BZ46 -> 0 | CD46: =CB46*CC46 -> 0 | CG46: =CE46*CF46 -> 0 | CH46: 1 | CI46: 12000 | CJ46: =CH46*CI46 -> 12000 | CM46: =CK46*CL46 -> 0 | CP46: =CN46*CO46 -> 0 | CS46: =CQ46*CR46 -> 0 | CT46: =E46+H46+K46+N46+Q46+T46+W46+Z46+AC46+AF46+AI46+AL46+AO46+AR46+AU46+AX46+BA46+BD46+BG46+BJ46+BM46+BP46+BS46+BV46+BY46+CB46+CE46+CH46+CK46+CN46+CQ46 -> 2.5 | CU46: =G46+J46+M46+P46+S46+V46+Y46+AB46+AE46+AH46+AK46+AN46+AQ46+AT46+AW46+AZ46+BC46+BF46+BI46+BL46+BO46+BR46+BU46+BX46+CA46+CD46+CG46+CJ46+CM46+CP46+CS46 -> 47000
B47: Bawang Merah | C47: kg | G47: =E47*F47 -> 0 | J47: =H47*I47 -> 0 | M47: =K47*L47 -> 0 | P47: =N47*O47 -> 0 | S47: =Q47*R47 -> 0 | V47: =T47*U47 -> 0 | Y47: =W47*X47 -> 0 | AB47: =Z47*AA47 -> 0 | AE47: =AC47*AD47 -> 0 | AH47: =AF47*AG47 -> 0 | AK47: =AI47*AJ47 -> 0 | AN47: =AL47*AM47 -> 0 | AQ47: =AO47*AP47 -> 0 | AT47: =AR47*AS47 -> 0 | AW47: =AU47*AV47 -> 0 | AZ47: =AX47*AY47 -> 0 | BC47: =BA47*BB47 -> 0 | BF47: =BD47*BE47 -> 0 | BI47: =BG47*BH47 -> 0 | BL47: =BJ47*BK47 -> 0 | BO47: =BM47*BN47 -> 0 | BR47: =BP47*BQ47 -> 0 | BU47: =BS47*BT47 -> 0 | BX47: =BV47*BW47 -> 0 | CA47: =BY47*BZ47 -> 0 | CD47: =CB47*CC47 -> 0 | CG47: =CE47*CF47 -> 0 | CH47: 1 | CI47: 45000 | CJ47: =CH47*CI47 -> 45000 | CM47: =CK47*CL47 -> 0 | CP47: =CN47*CO47 -> 0 | CS47: =CQ47*CR47 -> 0 | CT47: =E47+H47+K47+N47+Q47+T47+W47+Z47+AC47+AF47+AI47+AL47+AO47+AR47+AU47+AX47+BA47+BD47+BG47+BJ47+BM47+BP47+BS47+BV47+BY47+CB47+CE47+CH47+CK47+CN47+CQ47 -> 1 | CU47: =G47+J47+M47+P47+S47+V47+Y47+AB47+AE47+AH47+AK47+AN47+AQ47+AT47+AW47+AZ47+BC47+BF47+BI47+BL47+BO47+BR47+BU47+BX47+CA47+CD47+CG47+CJ47+CM47+CP47+CS47 -> 45000
B48: Bawang Putih | C48: kg | G48: =E48*F48 -> 0 | J48: =H48*I48 -> 0 | M48: =K48*L48 -> 0 | P48: =N48*O48 -> 0 | S48: =Q48*R48 -> 0 | V48: =T48*U48 -> 0 | Y48: =W48*X48 -> 0 | Z48: 0.5 | AA48: 50000 | AB48: =Z48*AA48 -> 25000 | AE48: =AC48*AD48 -> 0 | AH48: =AF48*AG48 -> 0 | AK48: =AI48*AJ48 -> 0 | AN48: =AL48*AM48 -> 0 | AQ48: =AO48*AP48 -> 0 | AT48: =AR48*AS48 -> 0 | AW48: =AU48*AV48 -> 0 | AZ48: =AX48*AY48 -> 0 | BC48: =BA48*BB48 -> 0 | BD48: 0.5 | BE48: 52000 | BF48: =BD48*BE48 -> 26000 | BI48: =BG48*BH48 -> 0 | BL48: =BJ48*BK48 -> 0 | BO48: =BM48*BN48 -> 0 | BR48: =BP48*BQ48 -> 0 | BU48: =BS48*BT48 -> 0 | BX48: =BV48*BW48 -> 0 | CA48: =BY48*BZ48 -> 0 | CD48: =CB48*CC48 -> 0 | CG48: =CE48*CF48 -> 0 | CH48: 1 | CI48: 50000 | CJ48: =CH48*CI48 -> 50000 | CM48: =CK48*CL48 -> 0 | CP48: =CN48*CO48 -> 0 | CS48: =CQ48*CR48 -> 0 | CT48: =E48+H48+K48+N48+Q48+T48+W48+Z48+AC48+AF48+AI48+AL48+AO48+AR48+AU48+AX48+BA48+BD48+BG48+BJ48+BM48+BP48+BS48+BV48+BY48+CB48+CE48+CH48+CK48+CN48+CQ48 -> 2 | CU48: =G48+J48+M48+P48+S48+V48+Y48+AB48+AE48+AH48+AK48+AN48+AQ48+AT48+AW48+AZ48+BC48+BF48+BI48+BL48+BO48+BR48+BU48+BX48+CA48+CD48+CG48+CJ48+CM48+CP48+CS48 -> 101000
B49: Bayam | C49: ikat | G49: =E49*F49 -> 0 | J49: =H49*I49 -> 0 | M49: =K49*L49 -> 0 | P49: =N49*O49 -> 0 | S49: =Q49*R49 -> 0 | V49: =T49*U49 -> 0 | Y49: =W49*X49 -> 0 | AB49: =Z49*AA49 -> 0 | AE49: =AC49*AD49 -> 0 | AH49: =AF49*AG49 -> 0 | AK49: =AI49*AJ49 -> 0 | AN49: =AL49*AM49 -> 0 | AQ49: =AO49*AP49 -> 0 | AT49: =AR49*AS49 -> 0 | AW49: =AU49*AV49 -> 0 | AZ49: =AX49*AY49 -> 0 | BA49: 3 | BB49: 8333 | BC49: 25000 | BF49: =BD49*BE49 -> 0 | BI49: =BG49*BH49 -> 0 | BL49: =BJ49*BK49 -> 0 | BO49: =BM49*BN49 -> 0 | BR49: =BP49*BQ49 -> 0 | BU49: =BS49*BT49 -> 0 | BX49: =BV49*BW49 -> 0 | CA49: =BY49*BZ49 -> 0 | CD49: =CB49*CC49 -> 0 | CG49: =CE49*CF49 -> 0 | CJ49: =CH49*CI49 -> 0 | CM49: =CK49*CL49 -> 0 | CP49: =CN49*CO49 -> 0 | CS49: =CQ49*CR49 -> 0 | CT49: =E49+H49+K49+N49+Q49+T49+W49+Z49+AC49+AF49+AI49+AL49+AO49+AR49+AU49+AX49+BA49+BD49+BG49+BJ49+BM49+BP49+BS49+BV49+BY49+CB49+CE49+CH49+CK49+CN49+CQ49 -> 3 | CU49: =G49+J49+M49+P49+S49+V49+Y49+AB49+AE49+AH49+AK49+AN49+AQ49+AT49+AW49+AZ49+BC49+BF49+BI49+BL49+BO49+BR49+BU49+BX49+CA49+CD49+CG49+CJ49+CM49+CP49+CS49 -> 25000
B50: Bokcoy | C50: kg | D50: 18000 | G50: =E50*F50 -> 0 | J50: =H50*I50 -> 0 | M50: =K50*L50 -> 0 | P50: =N50*O50 -> 0 | S50: =Q50*R50 -> 0 | V50: =T50*U50 -> 0 | Y50: =W50*X50 -> 0 | AB50: =Z50*AA50 -> 0 | AE50: =AC50*AD50 -> 0 | AH50: =AF50*AG50 -> 0 | AK50: =AI50*AJ50 -> 0 | AN50: =AL50*AM50 -> 0 | AQ50: =AO50*AP50 -> 0 | AT50: =AR50*AS50 -> 0 | AW50: =AU50*AV50 -> 0 | AZ50: =AX50*AY50 -> 0 | BC50: =BA50*BB50 -> 0 | BF50: =BD50*BE50 -> 0 | BI50: =BG50*BH50 -> 0 | BL50: =BJ50*BK50 -> 0 | BO50: =BM50*BN50 -> 0 | BR50: =BP50*BQ50 -> 0 | BU50: =BS50*BT50 -> 0 | BX50: =BV50*BW50 -> 0 | CA50: =BY50*BZ50 -> 0 | CD50: =CB50*CC50 -> 0 | CG50: =CE50*CF50 -> 0 | CJ50: =CH50*CI50 -> 0 | CM50: =CK50*CL50 -> 0 | CP50: =CN50*CO50 -> 0 | CS50: =CQ50*CR50 -> 0 | CT50: =E50+H50+K50+N50+Q50+T50+W50+Z50+AC50+AF50+AI50+AL50+AO50+AR50+AU50+AX50+BA50+BD50+BG50+BJ50+BM50+BP50+BS50+BV50+BY50+CB50+CE50+CH50+CK50+CN50+CQ50 -> 0 | CU50: =G50+J50+M50+P50+S50+V50+Y50+AB50+AE50+AH50+AK50+AN50+AQ50+AT50+AW50+AZ50+BC50+BF50+BI50+BL50+BO50+BR50+BU50+BX50+CA50+CD50+CG50+CJ50+CM50+CP50+CS50 -> 0
B51: Buncis | C51: kg | D51: 23000 | G51: =E51*F51 -> 0 | J51: =H51*I51 -> 0 | M51: =K51*L51 -> 0 | P51: =N51*O51 -> 0 | S51: =Q51*R51 -> 0 | V51: =T51*U51 -> 0 | Y51: =W51*X51 -> 0 | AB51: =Z51*AA51 -> 0 | AE51: =AC51*AD51 -> 0 | AH51: =AF51*AG51 -> 0 | AK51: =AI51*AJ51 -> 0 | AN51: =AL51*AM51 -> 0 | AQ51: =AO51*AP51 -> 0 | AT51: =AR51*AS51 -> 0 | AW51: =AU51*AV51 -> 0 | AZ51: =AX51*AY51 -> 0 | BC51: =BA51*BB51 -> 0 | BF51: =BD51*BE51 -> 0 | BI51: =BG51*BH51 -> 0 | BL51: =BJ51*BK51 -> 0 | BO51: =BM51*BN51 -> 0 | BR51: =BP51*BQ51 -> 0 | BU51: =BS51*BT51 -> 0 | BX51: =BV51*BW51 -> 0 | CA51: =BY51*BZ51 -> 0 | CD51: =CB51*CC51 -> 0 | CG51: =CE51*CF51 -> 0 | CJ51: =CH51*CI51 -> 0 | CM51: =CK51*CL51 -> 0 | CP51: =CN51*CO51 -> 0 | CS51: =CQ51*CR51 -> 0 | CT51: =E51+H51+K51+N51+Q51+T51+W51+Z51+AC51+AF51+AI51+AL51+AO51+AR51+AU51+AX51+BA51+BD51+BG51+BJ51+BM51+BP51+BS51+BV51+BY51+CB51+CE51+CH51+CK51+CN51+CQ51 -> 0 | CU51: =G51+J51+M51+P51+S51+V51+Y51+AB51+AE51+AH51+AK51+AN51+AQ51+AT51+AW51+AZ51+BC51+BF51+BI51+BL51+BO51+BR51+BU51+BX51+CA51+CD51+CG51+CJ51+CM51+CP51+CS51 -> 0
B52: Cabe Merah Besar | C52: kg | G52: =E52*F52 -> 0 | H52: 0.5 | I52: 60000 | J52: =H52*I52 -> 30000 | M52: =K52*L52 -> 0 | N52: 0.5 | O52: 60000 | P52: =N52*O52 -> 30000 | S52: =Q52*R52 -> 0 | V52: =T52*U52 -> 0 | Y52: =W52*X52 -> 0 | Z52: 0.5 | AA52: 60000 | AB52: =Z52*AA52 -> 30000 | AE52: =AC52*AD52 -> 0 | AH52: =AF52*AG52 -> 0 | AK52: =AI52*AJ52 -> 0 | AN52: =AL52*AM52 -> 0 | AQ52: =AO52*AP52 -> 0 | AT52: =AR52*AS52 -> 0 | AW52: =AU52*AV52 -> 0 | AZ52: =AX52*AY52 -> 0 | BA52: 0.5 | BB52: 60000 | BC52: =BA52*BB52 -> 30000 | BF52: =BD52*BE52 -> 0 | BI52: =BG52*BH52 -> 0 | BL52: =BJ52*BK52 -> 0 | BO52: =BM52*BN52 -> 0 | BR52: =BP52*BQ52 -> 0 | BU52: =BS52*BT52 -> 0 | BX52: =BV52*BW52 -> 0 | BY52: 0.5 | BZ52: 60000 | CA52: =BY52*BZ52 -> 30000 | CD52: =CB52*CC52 -> 0 | CG52: =CE52*CF52 -> 0 | CJ52: =CH52*CI52 -> 0 | CM52: =CK52*CL52 -> 0 | CP52: =CN52*CO52 -> 0 | CS52: =CQ52*CR52 -> 0 | CT52: =E52+H52+K52+N52+Q52+T52+W52+Z52+AC52+AF52+AI52+AL52+AO52+AR52+AU52+AX52+BA52+BD52+BG52+BJ52+BM52+BP52+BS52+BV52+BY52+CB52+CE52+CH52+CK52+CN52+CQ52 -> 2.5 | CU52: =G52+J52+M52+P52+S52+V52+Y52+AB52+AE52+AH52+AK52+AN52+AQ52+AT52+AW52+AZ52+BC52+BF52+BI52+BL52+BO52+BR52+BU52+BX52+CA52+CD52+CG52+CJ52+CM52+CP52+CS52 -> 150000
B53: Cabe Hijau besar | C53: kg | D53: 32000 | G53: =E53*F53 -> 0 | J53: =H53*I53 -> 0 | M53: =K53*L53 -> 0 | P53: =N53*O53 -> 0 | S53: =Q53*R53 -> 0 | V53: =T53*U53 -> 0 | Y53: =W53*X53 -> 0 | AB53: =Z53*AA53 -> 0 | AE53: =AC53*AD53 -> 0 | AH53: =AF53*AG53 -> 0 | AK53: =AI53*AJ53 -> 0 | AN53: =AL53*AM53 -> 0 | AQ53: =AO53*AP53 -> 0 | AT53: =AR53*AS53 -> 0 | AW53: =AU53*AV53 -> 0 | AZ53: =AX53*AY53 -> 0 | BC53: =BA53*BB53 -> 0 | BF53: =BD53*BE53 -> 0 | BI53: =BG53*BH53 -> 0 | BL53: =BJ53*BK53 -> 0 | BO53: =BM53*BN53 -> 0 | BR53: =BP53*BQ53 -> 0 | BU53: =BS53*BT53 -> 0 | BX53: =BV53*BW53 -> 0 | CA53: =BY53*BZ53 -> 0 | CD53: =CB53*CC53 -> 0 | CG53: =CE53*CF53 -> 0 | CJ53: =CH53*CI53 -> 0 | CM53: =CK53*CL53 -> 0 | CP53: =CN53*CO53 -> 0 | CS53: =CQ53*CR53 -> 0 | CT53: =E53+H53+K53+N53+Q53+T53+W53+Z53+AC53+AF53+AI53+AL53+AO53+AR53+AU53+AX53+BA53+BD53+BG53+BJ53+BM53+BP53+BS53+BV53+BY53+CB53+CE53+CH53+CK53+CN53+CQ53 -> 0 | CU53: =G53+J53+M53+P53+S53+V53+Y53+AB53+AE53+AH53+AK53+AN53+AQ53+AT53+AW53+AZ53+BC53+BF53+BI53+BL53+BO53+BR53+BU53+BX53+CA53+CD53+CG53+CJ53+CM53+CP53+CS53 -> 0
B54: Cabe rawit merah | C54: kg | D54: 100000 | G54: =E54*F54 -> 0 | J54: =H54*I54 -> 0 | M54: =K54*L54 -> 0 | P54: =N54*O54 -> 0 | S54: =Q54*R54 -> 0 | V54: =T54*U54 -> 0 | Y54: =W54*X54 -> 0 | AB54: =Z54*AA54 -> 0 | AE54: =AC54*AD54 -> 0 | AH54: =AF54*AG54 -> 0 | AK54: =AI54*AJ54 -> 0 | AN54: =AL54*AM54 -> 0 | AQ54: =AO54*AP54 -> 0 | AT54: =AR54*AS54 -> 0 | AW54: =AU54*AV54 -> 0 | AX54: 0.25 | AY54: 96000 | AZ54: =AX54*AY54 -> 24000 | BC54: =BA54*BB54 -> 0 | BF54: =BD54*BE54 -> 0 | BI54: =BG54*BH54 -> 0 | BL54: =BJ54*BK54 -> 0 | BO54: =BM54*BN54 -> 0 | BR54: =BP54*BQ54 -> 0 | BU54: =BS54*BT54 -> 0 | BX54: =BV54*BW54 -> 0 | CA54: =BY54*BZ54 -> 0 | CD54: =CB54*CC54 -> 0 | CG54: =CE54*CF54 -> 0 | CJ54: =CH54*CI54 -> 0 | CM54: =CK54*CL54 -> 0 | CP54: =CN54*CO54 -> 0 | CS54: =CQ54*CR54 -> 0 | CT54: =E54+H54+K54+N54+Q54+T54+W54+Z54+AC54+AF54+AI54+AL54+AO54+AR54+AU54+AX54+BA54+BD54+BG54+BJ54+BM54+BP54+BS54+BV54+BY54+CB54+CE54+CH54+CK54+CN54+CQ54 -> 0.25 | CU54: =G54+J54+M54+P54+S54+V54+Y54+AB54+AE54+AH54+AK54+AN54+AQ54+AT54+AW54+AZ54+BC54+BF54+BI54+BL54+BO54+BR54+BU54+BX54+CA54+CD54+CG54+CJ54+CM54+CP54+CS54 -> 24000
B55: Cabe rawit hijau | C55: kg | D55: 50000 | G55: =E55*F55 -> 0 | J55: =H55*I55 -> 0 | M55: =K55*L55 -> 0 | P55: =N55*O55 -> 0 | S55: =Q55*R55 -> 0 | V55: =T55*U55 -> 0 | Y55: =W55*X55 -> 0 | AB55: =Z55*AA55 -> 0 | AE55: =AC55*AD55 -> 0 | AH55: =AF55*AG55 -> 0 | AK55: =AI55*AJ55 -> 0 | AN55: =AL55*AM55 -> 0 | AQ55: =AO55*AP55 -> 0 | AT55: =AR55*AS55 -> 0 | AW55: =AU55*AV55 -> 0 | AZ55: =AX55*AY55 -> 0 | BC55: =BA55*BB55 -> 0 | BF55: =BD55*BE55 -> 0 | BI55: =BG55*BH55 -> 0 | BL55: =BJ55*BK55 -> 0 | BO55: =BM55*BN55 -> 0 | BR55: =BP55*BQ55 -> 0 | BU55: =BS55*BT55 -> 0 | BX55: =BV55*BW55 -> 0 | CA55: =BY55*BZ55 -> 0 | CD55: =CB55*CC55 -> 0 | CG55: =CE55*CF55 -> 0 | CJ55: =CH55*CI55 -> 0 | CM55: =CK55*CL55 -> 0 | CP55: =CN55*CO55 -> 0 | CS55: =CQ55*CR55 -> 0 | CT55: =E55+H55+K55+N55+Q55+T55+W55+Z55+AC55+AF55+AI55+AL55+AO55+AR55+AU55+AX55+BA55+BD55+BG55+BJ55+BM55+BP55+BS55+BV55+BY55+CB55+CE55+CH55+CK55+CN55+CQ55 -> 0 | CU55: =G55+J55+M55+P55+S55+V55+Y55+AB55+AE55+AH55+AK55+AN55+AQ55+AT55+AW55+AZ55+BC55+BF55+BI55+BL55+BO55+BR55+BU55+BX55+CA55+CD55+CG55+CJ55+CM55+CP55+CS55 -> 0
B56: Cabe merah keriting | C56: kg | D56: 92000 | G56: =E56*F56 -> 0 | J56: =H56*I56 -> 0 | M56: =K56*L56 -> 0 | P56: =N56*O56 -> 0 | S56: =Q56*R56 -> 0 | V56: =T56*U56 -> 0 | Y56: =W56*X56 -> 0 | AB56: =Z56*AA56 -> 0 | AE56: =AC56*AD56 -> 0 | AH56: =AF56*AG56 -> 0 | AK56: =AI56*AJ56 -> 0 | AN56: =AL56*AM56 -> 0 | AQ56: =AO56*AP56 -> 0 | AT56: =AR56*AS56 -> 0 | AW56: =AU56*AV56 -> 0 | AX56: 0.25 | AY56: 80000 | AZ56: =AX56*AY56 -> 20000 | BC56: =BA56*BB56 -> 0 | BF56: =BD56*BE56 -> 0 | BI56: =BG56*BH56 -> 0 | BL56: =BJ56*BK56 -> 0 | BO56: =BM56*BN56 -> 0 | BR56: =BP56*BQ56 -> 0 | BU56: =BS56*BT56 -> 0 | BX56: =BV56*BW56 -> 0 | CA56: =BY56*BZ56 -> 0 | CD56: =CB56*CC56 -> 0 | CG56: =CE56*CF56 -> 0 | CJ56: =CH56*CI56 -> 0 | CM56: =CK56*CL56 -> 0 | CP56: =CN56*CO56 -> 0 | CS56: =CQ56*CR56 -> 0 | CT56: =E56+H56+K56+N56+Q56+T56+W56+Z56+AC56+AF56+AI56+AL56+AO56+AR56+AU56+AX56+BA56+BD56+BG56+BJ56+BM56+BP56+BS56+BV56+BY56+CB56+CE56+CH56+CK56+CN56+CQ56 -> 0.25 | CU56: =G56+J56+M56+P56+S56+V56+Y56+AB56+AE56+AH56+AK56+AN56+AQ56+AT56+AW56+AZ56+BC56+BF56+BI56+BL56+BO56+BR56+BU56+BX56+CA56+CD56+CG56+CJ56+CM56+CP56+CS56 -> 20000
B57: Daun Pisang | C57: ikat | D57: 17000 | G57: =E57*F57 -> 0 | J57: =H57*I57 -> 0 | M57: =K57*L57 -> 0 | P57: =N57*O57 -> 0 | S57: =Q57*R57 -> 0 | V57: =T57*U57 -> 0 | Y57: =W57*X57 -> 0 | Z57: 1 | AA57: 17000 | AB57: =Z57*AA57 -> 17000 | AE57: =AC57*AD57 -> 0 | AH57: =AF57*AG57 -> 0 | AK57: =AI57*AJ57 -> 0 | AN57: =AL57*AM57 -> 0 | AQ57: =AO57*AP57 -> 0 | AT57: =AR57*AS57 -> 0 | AW57: =AU57*AV57 -> 0 | AZ57: =AX57*AY57 -> 0 | BC57: =BA57*BB57 -> 0 | BD57: 1 | BE57: 17000 | BF57: =BD57*BE57 -> 17000 | BI57: =BG57*BH57 -> 0 | BL57: =BJ57*BK57 -> 0 | BO57: =BM57*BN57 -> 0 | BR57: =BP57*BQ57 -> 0 | BU57: =BS57*BT57 -> 0 | BX57: =BV57*BW57 -> 0 | CA57: =BY57*BZ57 -> 0 | CD57: =CB57*CC57 -> 0 | CG57: =CE57*CF57 -> 0 | CH57: 1 | CI57: 17000 | CJ57: =CH57*CI57 -> 17000 | CM57: =CK57*CL57 -> 0 | CP57: =CN57*CO57 -> 0 | CS57: =CQ57*CR57 -> 0 | CT57: =E57+H57+K57+N57+Q57+T57+W57+Z57+AC57+AF57+AI57+AL57+AO57+AR57+AU57+AX57+BA57+BD57+BG57+BJ57+BM57+BP57+BS57+BV57+BY57+CB57+CE57+CH57+CK57+CN57+CQ57 -> 3 | CU57: =G57+J57+M57+P57+S57+V57+Y57+AB57+AE57+AH57+AK57+AN57+AQ57+AT57+AW57+AZ57+BC57+BF57+BI57+BL57+BO57+BR57+BU57+BX57+CA57+CD57+CG57+CJ57+CM57+CP57+CS57 -> 51000
B58: Daun Jeruk | C58: bks | D58: 7000 | G58: =E58*F58 -> 0 | J58: =H58*I58 -> 0 | M58: =K58*L58 -> 0 | P58: =N58*O58 -> 0 | S58: =Q58*R58 -> 0 | V58: =T58*U58 -> 0 | Y58: =W58*X58 -> 0 | Z58: 1 | AA58: 7000 | AB58: =Z58*AA58 -> 7000 | AE58: =AC58*AD58 -> 0 | AH58: =AF58*AG58 -> 0 | AK58: =AI58*AJ58 -> 0 | AL58: 1 | AM58: 7000 | AN58: =AL58*AM58 -> 7000 | AQ58: =AO58*AP58 -> 0 | AT58: =AR58*AS58 -> 0 | AW58: =AU58*AV58 -> 0 | AZ58: =AX58*AY58 -> 0 | BA58: 1 | BB58: 7000 | BC58: =BA58*BB58 -> 7000 | BF58: =BD58*BE58 -> 0 | BI58: =BG58*BH58 -> 0 | BL58: =BJ58*BK58 -> 0 | BO58: =BM58*BN58 -> 0 | BR58: =BP58*BQ58 -> 0 | BU58: =BS58*BT58 -> 0 | BX58: =BV58*BW58 -> 0 | CA58: =BY58*BZ58 -> 0 | CD58: =CB58*CC58 -> 0 | CG58: =CE58*CF58 -> 0 | CJ58: =CH58*CI58 -> 0 | CM58: =CK58*CL58 -> 0 | CP58: =CN58*CO58 -> 0 | CS58: =CQ58*CR58 -> 0 | CT58: =E58+H58+K58+N58+Q58+T58+W58+Z58+AC58+AF58+AI58+AL58+AO58+AR58+AU58+AX58+BA58+BD58+BG58+BJ58+BM58+BP58+BS58+BV58+BY58+CB58+CE58+CH58+CK58+CN58+CQ58 -> 3 | CU58: =G58+J58+M58+P58+S58+V58+Y58+AB58+AE58+AH58+AK58+AN58+AQ58+AT58+AW58+AZ58+BC58+BF58+BI58+BL58+BO58+BR58+BU58+BX58+CA58+CD58+CG58+CJ58+CM58+CP58+CS58 -> 21000
B59: Daun Kucai | C59: ikat | T59: 2 | U59: 4000 | V59: =T59*U59 -> 8000 | AX59: 5 | AY59: 3000 | AZ59: =AX59*AY59 -> 15000 | CB59: 2 | CC59: 3000 | CD59: =CB59*CC59 -> 6000
B60: Daun Pandan | C60: ikat | G60: =E60*F60 -> 0 | J60: =H60*I60 -> 0 | M60: =K60*L60 -> 0 | N60: 1 | O60: 5000 | P60: =N60*O60 -> 5000 | S60: =Q60*R60 -> 0 | V60: =T60*U60 -> 0 | Y60: =W60*X60 -> 0 | AB60: =Z60*AA60 -> 0 | AE60: =AC60*AD60 -> 0 | AH60: =AF60*AG60 -> 0 | AK60: =AI60*AJ60 -> 0 | AN60: =AL60*AM60 -> 0 | AQ60: =AO60*AP60 -> 0 | AT60: =AR60*AS60 -> 0 | AW60: =AU60*AV60 -> 0 | AZ60: =AX60*AY60 -> 0 | BC60: =BA60*BB60 -> 0 | BF60: =BD60*BE60 -> 0 | BI60: =BG60*BH60 -> 0 | BL60: =BJ60*BK60 -> 0 | BO60: =BM60*BN60 -> 0 | BR60: =BP60*BQ60 -> 0 | BU60: =BS60*BT60 -> 0 | BX60: =BV60*BW60 -> 0 | CA60: =BY60*BZ60 -> 0 | CD60: =CB60*CC60 -> 0 | CE60: 1 | CF60: 5000 | CG60: =CE60*CF60 -> 5000 | CJ60: =CH60*CI60 -> 0 | CM60: =CK60*CL60 -> 0 | CP60: =CN60*CO60 -> 0 | CS60: =CQ60*CR60 -> 0 | CT60: =E60+H60+K60+N60+Q60+T60+W60+Z60+AC60+AF60+AI60+AL60+AO60+AR60+AU60+AX60+BA60+BD60+BG60+BJ60+BM60+BP60+BS60+BV60+BY60+CB60+CE60+CH60+CK60+CN60+CQ60 -> 2 | CU60: =G60+J60+M60+P60+S60+V60+Y60+AB60+AE60+AH60+AK60+AN60+AQ60+AT60+AW60+AZ60+BC60+BF60+BI60+BL60+BO60+BR60+BU60+BX60+CA60+CD60+CG60+CJ60+CM60+CP60+CS60 -> 10000
B61: Daun Melinjo | C61: bks | G61: =E61*F61 -> 0 | J61: =H61*I61 -> 0 | M61: =K61*L61 -> 0 | P61: =N61*O61 -> 0 | S61: =Q61*R61 -> 0 | V61: =T61*U61 -> 0 | Y61: =W61*X61 -> 0 | AB61: =Z61*AA61 -> 0 | AE61: =AC61*AD61 -> 0 | AH61: =AF61*AG61 -> 0 | AK61: =AI61*AJ61 -> 0 | AN61: =AL61*AM61 -> 0 | AQ61: =AO61*AP61 -> 0 | AT61: =AR61*AS61 -> 0 | AW61: =AU61*AV61 -> 0 | AZ61: =AX61*AY61 -> 0 | BC61: =BA61*BB61 -> 0 | BF61: =BD61*BE61 -> 0 | BI61: =BG61*BH61 -> 0 | BL61: =BJ61*BK61 -> 0 | BO61: =BM61*BN61 -> 0 | BR61: =BP61*BQ61 -> 0 | BU61: =BS61*BT61 -> 0 | BX61: =BV61*BW61 -> 0 | CA61: =BY61*BZ61 -> 0 | CD61: =CB61*CC61 -> 0 | CG61: =CE61*CF61 -> 0 | CJ61: =CH61*CI61 -> 0 | CM61: =CK61*CL61 -> 0 | CP61: =CN61*CO61 -> 0 | CS61: =CQ61*CR61 -> 0 | CT61: =E61+H61+K61+N61+Q61+T61+W61+Z61+AC61+AF61+AI61+AL61+AO61+AR61+AU61+AX61+BA61+BD61+BG61+BJ61+BM61+BP61+BS61+BV61+BY61+CB61+CE61+CH61+CK61+CN61+CQ61 -> 0 | CU61: =G61+J61+M61+P61+S61+V61+Y61+AB61+AE61+AH61+AK61+AN61+AQ61+AT61+AW61+AZ61+BC61+BF61+BI61+BL61+BO61+BR61+BU61+BX61+CA61+CD61+CG61+CJ61+CM61+CP61+CS61 -> 0
B62: Jamur Kuping | C62: kg | G62: =E62*F62 -> 0 | H62: 1 | I62: 55000 | J62: =H62*I62 -> 55000 | M62: =K62*L62 -> 0 | P62: =N62*O62 -> 0 | S62: =Q62*R62 -> 0 | V62: =T62*U62 -> 0 | Y62: =W62*X62 -> 0 | AB62: =Z62*AA62 -> 0 | AE62: =AC62*AD62 -> 0 | AH62: =AF62*AG62 -> 0 | AK62: =AI62*AJ62 -> 0 | AN62: =AL62*AM62 -> 0 | AQ62: =AO62*AP62 -> 0 | AT62: =AR62*AS62 -> 0 | AW62: =AU62*AV62 -> 0 | AZ62: =AX62*AY62 -> 0 | BC62: =BA62*BB62 -> 0 | BF62: =BD62*BE62 -> 0 | BI62: =BG62*BH62 -> 0 | BL62: =BJ62*BK62 -> 0 | BO62: =BM62*BN62 -> 0 | BR62: =BP62*BQ62 -> 0 | BU62: =BS62*BT62 -> 0 | BV62: 1 | BW62: 54000 | BX62: =BV62*BW62 -> 54000 | CA62: =BY62*BZ62 -> 0 | CD62: =CB62*CC62 -> 0 | CG62: =CE62*CF62 -> 0 | CJ62: =CH62*CI62 -> 0 | CM62: =CK62*CL62 -> 0 | CP62: =CN62*CO62 -> 0 | CS62: =CQ62*CR62 -> 0 | CT62: =E62+H62+K62+N62+Q62+T62+W62+Z62+AC62+AF62+AI62+AL62+AO62+AR62+AU62+AX62+BA62+BD62+BG62+BJ62+BM62+BP62+BS62+BV62+BY62+CB62+CE62+CH62+CK62+CN62+CQ62 -> 2 | CU62: =G62+J62+M62+P62+S62+V62+Y62+AB62+AE62+AH62+AK62+AN62+AQ62+AT62+AW62+AZ62+BC62+BF62+BI62+BL62+BO62+BR62+BU62+BX62+CA62+CD62+CG62+CJ62+CM62+CP62+CS62 -> 109000
B63: Jamur Kancing | C63: kg | G63: =E63*F63 -> 0 | J63: =H63*I63 -> 0 | M63: =K63*L63 -> 0 | P63: =N63*O63 -> 0 | S63: =Q63*R63 -> 0 | V63: =T63*U63 -> 0 | Y63: =W63*X63 -> 0 | AB63: =Z63*AA63 -> 0 | AE63: =AC63*AD63 -> 0 | AF63: 0.25 | AG63: 80000 | AH63: =AF63*AG63 -> 20000 | AK63: =AI63*AJ63 -> 0 | AN63: =AL63*AM63 -> 0 | AQ63: =AO63*AP63 -> 0 | AT63: =AR63*AS63 -> 0 | AU63: 0.5 | AV63: 80000 | AW63: =AU63*AV63 -> 40000 | AZ63: =AX63*AY63 -> 0 | BC63: =BA63*BB63 -> 0 | BF63: =BD63*BE63 -> 0 | BI63: =BG63*BH63 -> 0 | BL63: =BJ63*BK63 -> 0 | BO63: =BM63*BN63 -> 0 | BR63: =BP63*BQ63 -> 0 | BU63: =BS63*BT63 -> 0 | BX63: =BV63*BW63 -> 0 | CA63: =BY63*BZ63 -> 0 | CD63: =CB63*CC63 -> 0 | CG63: =CE63*CF63 -> 0 | CJ63: =CH63*CI63 -> 0 | CM63: =CK63*CL63 -> 0 | CP63: =CN63*CO63 -> 0 | CS63: =CQ63*CR63 -> 0 | CT63: =E63+H63+K63+N63+Q63+T63+W63+Z63+AC63+AF63+AI63+AL63+AO63+AR63+AU63+AX63+BA63+BD63+BG63+BJ63+BM63+BP63+BS63+BV63+BY63+CB63+CE63+CH63+CK63+CN63+CQ63 -> 0.75 | CU63: =G63+J63+M63+P63+S63+V63+Y63+AB63+AE63+AH63+AK63+AN63+AQ63+AT63+AW63+AZ63+BC63+BF63+BI63+BL63+BO63+BR63+BU63+BX63+CA63+CD63+CG63+CJ63+CM63+CP63+CS63 -> 60000
B64: Jamur Tiram | C64: kg | G64: =E64*F64 -> 0 | J64: =H64*I64 -> 0 | M64: =K64*L64 -> 0 | P64: =N64*O64 -> 0 | S64: =Q64*R64 -> 0 | V64: =T64*U64 -> 0 | Y64: =W64*X64 -> 0 | AB64: =Z64*AA64 -> 0 | AE64: =AC64*AD64 -> 0 | AH64: =AF64*AG64 -> 0 | AK64: =AI64*AJ64 -> 0 | AN64: =AL64*AM64 -> 0 | AQ64: =AO64*AP64 -> 0 | AT64: =AR64*AS64 -> 0 | AW64: =AU64*AV64 -> 0 | AZ64: =AX64*AY64 -> 0 | BC64: =BA64*BB64 -> 0 | BF64: =BD64*BE64 -> 0 | BI64: =BG64*BH64 -> 0 | BL64: =BJ64*BK64 -> 0 | BO64: =BM64*BN64 -> 0 | BR64: =BP64*BQ64 -> 0 | BU64: =BS64*BT64 -> 0 | BX64: =BV64*BW64 -> 0 | CA64: =BY64*BZ64 -> 0 | CD64: =CB64*CC64 -> 0 | CG64: =CE64*CF64 -> 0 | CJ64: =CH64*CI64 -> 0 | CM64: =CK64*CL64 -> 0 | CP64: =CN64*CO64 -> 0 | CS64: =CQ64*CR64 -> 0 | CT64: =E64+H64+K64+N64+Q64+T64+W64+Z64+AC64+AF64+AI64+AL64+AO64+AR64+AU64+AX64+BA64+BD64+BG64+BJ64+BM64+BP64+BS64+BV64+BY64+CB64+CE64+CH64+CK64+CN64+CQ64 -> 0 | CU64: =G64+J64+M64+P64+S64+V64+Y64+AB64+AE64+AH64+AK64+AN64+AQ64+AT64+AW64+AZ64+BC64+BF64+BI64+BL64+BO64+BR64+BU64+BX64+CA64+CD64+CG64+CJ64+CM64+CP64+CS64 -> 0
B65: Jagung Manis | C65: kg | D65: 18000 | G65: =E65*F65 -> 0 | J65: =H65*I65 -> 0 | M65: =K65*L65 -> 0 | P65: =N65*O65 -> 0 | S65: =Q65*R65 -> 0 | V65: =T65*U65 -> 0 | Y65: =W65*X65 -> 0 | AB65: =Z65*AA65 -> 0 | AE65: =AC65*AD65 -> 0 | AH65: =AF65*AG65 -> 0 | AK65: =AI65*AJ65 -> 0 | AN65: =AL65*AM65 -> 0 | AQ65: =AO65*AP65 -> 0 | AT65: =AR65*AS65 -> 0 | AW65: =AU65*AV65 -> 0 | AZ65: =AX65*AY65 -> 0 | BC65: =BA65*BB65 -> 0 | BF65: =BD65*BE65 -> 0 | BI65: =BG65*BH65 -> 0 | BL65: =BJ65*BK65 -> 0 | BO65: =BM65*BN65 -> 0 | BR65: =BP65*BQ65 -> 0 | BU65: =BS65*BT65 -> 0 | BX65: =BV65*BW65 -> 0 | BY65: 2 | BZ65: 18000 | CA65: =BY65*BZ65 -> 36000 | CD65: =CB65*CC65 -> 0 | CG65: =CE65*CF65 -> 0 | CJ65: =CH65*CI65 -> 0 | CM65: =CK65*CL65 -> 0 | CP65: =CN65*CO65 -> 0 | CS65: =CQ65*CR65 -> 0 | CT65: =E65+H65+K65+N65+Q65+T65+W65+Z65+AC65+AF65+AI65+AL65+AO65+AR65+AU65+AX65+BA65+BD65+BG65+BJ65+BM65+BP65+BS65+BV65+BY65+CB65+CE65+CH65+CK65+CN65+CQ65 -> 2 | CU65: =G65+J65+M65+P65+S65+V65+Y65+AB65+AE65+AH65+AK65+AN65+AQ65+AT65+AW65+AZ65+BC65+BF65+BI65+BL65+BO65+BR65+BU65+BX65+CA65+CD65+CG65+CJ65+CM65+CP65+CS65 -> 36000
B66: Jagung Soleng | C66: kg | G66: =E66*F66 -> 0 | J66: =H66*I66 -> 0 | M66: =K66*L66 -> 0 | P66: =N66*O66 -> 0 | S66: =Q66*R66 -> 0 | V66: =T66*U66 -> 0 | Y66: =W66*X66 -> 0 | AB66: =Z66*AA66 -> 0 | AE66: =AC66*AD66 -> 0 | AH66: =AF66*AG66 -> 0 | AK66: =AI66*AJ66 -> 0 | AN66: =AL66*AM66 -> 0 | AQ66: =AO66*AP66 -> 0 | AT66: =AR66*AS66 -> 0 | AW66: =AU66*AV66 -> 0 | AZ66: =AX66*AY66 -> 0 | BC66: =BA66*BB66 -> 0 | BF66: =BD66*BE66 -> 0 | BI66: =BG66*BH66 -> 0 | BL66: =BJ66*BK66 -> 0 | BO66: =BM66*BN66 -> 0 | BR66: =BP66*BQ66 -> 0 | BU66: =BS66*BT66 -> 0 | BX66: =BV66*BW66 -> 0 | CA66: =BY66*BZ66 -> 0 | CD66: =CB66*CC66 -> 0 | CG66: =CE66*CF66 -> 0 | CJ66: =CH66*CI66 -> 0 | CM66: =CK66*CL66 -> 0 | CP66: =CN66*CO66 -> 0 | CS66: =CQ66*CR66 -> 0 | CT66: =E66+H66+K66+N66+Q66+T66+W66+Z66+AC66+AF66+AI66+AL66+AO66+AR66+AU66+AX66+BA66+BD66+BG66+BJ66+BM66+BP66+BS66+BV66+BY66+CB66+CE66+CH66+CK66+CN66+CQ66 -> 0 | CU66: =G66+J66+M66+P66+S66+V66+Y66+AB66+AE66+AH66+AK66+AN66+AQ66+AT66+AW66+AZ66+BC66+BF66+BI66+BL66+BO66+BR66+BU66+BX66+CA66+CD66+CG66+CJ66+CM66+CP66+CS66 -> 0
B67: Jeruk Nipis | C67: kg | D67: 20000 | G67: =E67*F67 -> 0 | J67: =H67*I67 -> 0 | M67: =K67*L67 -> 0 | P67: =N67*O67 -> 0 | S67: =Q67*R67 -> 0 | V67: =T67*U67 -> 0 | Y67: =W67*X67 -> 0 | AB67: =Z67*AA67 -> 0 | AE67: =AC67*AD67 -> 0 | AH67: =AF67*AG67 -> 0 | AK67: =AI67*AJ67 -> 0 | AN67: =AL67*AM67 -> 0 | AQ67: =AO67*AP67 -> 0 | AT67: =AR67*AS67 -> 0 | AW67: =AU67*AV67 -> 0 | AZ67: =AX67*AY67 -> 0 | BC67: =BA67*BB67 -> 0 | BF67: =BD67*BE67 -> 0 | BI67: =BG67*BH67 -> 0 | BL67: =BJ67*BK67 -> 0 | BO67: =BM67*BN67 -> 0 | BR67: =BP67*BQ67 -> 0 | BU67: =BS67*BT67 -> 0 | BX67: =BV67*BW67 -> 0 | CA67: =BY67*BZ67 -> 0 | CD67: =CB67*CC67 -> 0 | CG67: =CE67*CF67 -> 0 | CJ67: =CH67*CI67 -> 0 | CM67: =CK67*CL67 -> 0 | CP67: =CN67*CO67 -> 0 | CS67: =CQ67*CR67 -> 0 | CT67: =E67+H67+K67+N67+Q67+T67+W67+Z67+AC67+AF67+AI67+AL67+AO67+AR67+AU67+AX67+BA67+BD67+BG67+BJ67+BM67+BP67+BS67+BV67+BY67+CB67+CE67+CH67+CK67+CN67+CQ67 -> 0 | CU67: =G67+J67+M67+P67+S67+V67+Y67+AB67+AE67+AH67+AK67+AN67+AQ67+AT67+AW67+AZ67+BC67+BF67+BI67+BL67+BO67+BR67+BU67+BX67+CA67+CD67+CG67+CJ67+CM67+CP67+CS67 -> 0
B68: Kacang Panjang | C68: kg | G68: =E68*F68 -> 0 | J68: =H68*I68 -> 0 | M68: =K68*L68 -> 0 | P68: =N68*O68 -> 0 | S68: =Q68*R68 -> 0 | V68: =T68*U68 -> 0 | Y68: =W68*X68 -> 0 | AB68: =Z68*AA68 -> 0 | AE68: =AC68*AD68 -> 0 | AH68: =AF68*AG68 -> 0 | AK68: =AI68*AJ68 -> 0 | AN68: =AL68*AM68 -> 0 | AQ68: =AO68*AP68 -> 0 | AT68: =AR68*AS68 -> 0 | AW68: =AU68*AV68 -> 0 | AZ68: =AX68*AY68 -> 0 | BC68: =BA68*BB68 -> 0 | BF68: =BD68*BE68 -> 0 | BI68: =BG68*BH68 -> 0 | BL68: =BJ68*BK68 -> 0 | BO68: =BM68*BN68 -> 0 | BR68: =BP68*BQ68 -> 0 | BU68: =BS68*BT68 -> 0 | BX68: =BV68*BW68 -> 0 | CA68: =BY68*BZ68 -> 0 | CD68: =CB68*CC68 -> 0 | CG68: =CE68*CF68 -> 0 | CJ68: =CH68*CI68 -> 0 | CM68: =CK68*CL68 -> 0 | CP68: =CN68*CO68 -> 0 | CS68: =CQ68*CR68 -> 0 | CT68: =E68+H68+K68+N68+Q68+T68+W68+Z68+AC68+AF68+AI68+AL68+AO68+AR68+AU68+AX68+BA68+BD68+BG68+BJ68+BM68+BP68+BS68+BV68+BY68+CB68+CE68+CH68+CK68+CN68+CQ68 -> 0 | CU68: =G68+J68+M68+P68+S68+V68+Y68+AB68+AE68+AH68+AK68+AN68+AQ68+AT68+AW68+AZ68+BC68+BF68+BI68+BL68+BO68+BR68+BU68+BX68+CA68+CD68+CG68+CJ68+CM68+CP68+CS68 -> 0
B69: Kapri | C69: kg | G69: =E69*F69 -> 0 | J69: =H69*I69 -> 0 | M69: =K69*L69 -> 0 | P69: =N69*O69 -> 0 | S69: =Q69*R69 -> 0 | V69: =T69*U69 -> 0 | Y69: =W69*X69 -> 0 | AB69: =Z69*AA69 -> 0 | AE69: =AC69*AD69 -> 0 | AH69: =AF69*AG69 -> 0 | AK69: =AI69*AJ69 -> 0 | AN69: =AL69*AM69 -> 0 | AQ69: =AO69*AP69 -> 0 | AT69: =AR69*AS69 -> 0 | AW69: =AU69*AV69 -> 0 | AZ69: =AX69*AY69 -> 0 | BC69: =BA69*BB69 -> 0 | BF69: =BD69*BE69 -> 0 | BI69: =BG69*BH69 -> 0 | BL69: =BJ69*BK69 -> 0 | BO69: =BM69*BN69 -> 0 | BR69: =BP69*BQ69 -> 0 | BU69: =BS69*BT69 -> 0 | BX69: =BV69*BW69 -> 0 | CA69: =BY69*BZ69 -> 0 | CD69: =CB69*CC69 -> 0 | CG69: =CE69*CF69 -> 0 | CJ69: =CH69*CI69 -> 0 | CM69: =CK69*CL69 -> 0 | CP69: =CN69*CO69 -> 0 | CS69: =CQ69*CR69 -> 0 | CT69: =E69+H69+K69+N69+Q69+T69+W69+Z69+AC69+AF69+AI69+AL69+AO69+AR69+AU69+AX69+BA69+BD69+BG69+BJ69+BM69+BP69+BS69+BV69+BY69+CB69+CE69+CH69+CK69+CN69+CQ69 -> 0 | CU69: =G69+J69+M69+P69+S69+V69+Y69+AB69+AE69+AH69+AK69+AN69+AQ69+AT69+AW69+AZ69+BC69+BF69+BI69+BL69+BO69+BR69+BU69+BX69+CA69+CD69+CG69+CJ69+CM69+CP69+CS69 -> 0
B70: Kucai | C70: IKAT | CD70: =CB70*CC70 -> 0
B71: kemangi | C71: ikat | D71: 1500 | G71: =E71*F71 -> 0 | J71: =H71*I71 -> 0 | M71: =K71*L71 -> 0 | P71: =N71*O71 -> 0 | S71: =Q71*R71 -> 0 | V71: =T71*U71 -> 0 | Y71: =W71*X71 -> 0 | AB71: =Z71*AA71 -> 0 | AE71: =AC71*AD71 -> 0 | AH71: =AF71*AG71 -> 0 | AK71: =AI71*AJ71 -> 0 | AN71: =AL71*AM71 -> 0 | AQ71: =AO71*AP71 -> 0 | AT71: =AR71*AS71 -> 0 | AW71: =AU71*AV71 -> 0 | AZ71: =AX71*AY71 -> 0 | BC71: =BA71*BB71 -> 0 | BF71: =BD71*BE71 -> 0 | BI71: =BG71*BH71 -> 0 | BL71: =BJ71*BK71 -> 0 | BO71: =BM71*BN71 -> 0 | BR71: =BP71*BQ71 -> 0 | BU71: =BS71*BT71 -> 0 | BX71: =BV71*BW71 -> 0 | CA71: =BY71*BZ71 -> 0 | CD71: =CB71*CC71 -> 0 | CG71: =CE71*CF71 -> 0 | CH71: 5 | CI71: 2000 | CJ71: =CH71*CI71 -> 10000 | CM71: =CK71*CL71 -> 0 | CP71: =CN71*CO71 -> 0 | CS71: =CQ71*CR71 -> 0 | CT71: =E71+H71+K71+N71+Q71+T71+W71+Z71+AC71+AF71+AI71+AL71+AO71+AR71+AU71+AX71+BA71+BD71+BG71+BJ71+BM71+BP71+BS71+BV71+BY71+CB71+CE71+CH71+CK71+CN71+CQ71 -> 5 | CU71: =G71+J71+M71+P71+S71+V71+Y71+AB71+AE71+AH71+AK71+AN71+AQ71+AT71+AW71+AZ71+BC71+BF71+BI71+BL71+BO71+BR71+BU71+BX71+CA71+CD71+CG71+CJ71+CM71+CP71+CS71 -> 10000
B72: Kembang Kol | C72: kg | G72: =E72*F72 -> 0 | J72: =H72*I72 -> 0 | M72: =K72*L72 -> 0 | P72: =N72*O72 -> 0 | S72: =Q72*R72 -> 0 | V72: =T72*U72 -> 0 | Y72: =W72*X72 -> 0 | AB72: =Z72*AA72 -> 0 | AE72: =AC72*AD72 -> 0 | AH72: =AF72*AG72 -> 0 | AK72: =AI72*AJ72 -> 0 | AN72: =AL72*AM72 -> 0 | AQ72: =AO72*AP72 -> 0 | AT72: =AR72*AS72 -> 0 | AW72: =AU72*AV72 -> 0 | AZ72: =AX72*AY72 -> 0 | BC72: =BA72*BB72 -> 0 | BF72: =BD72*BE72 -> 0 | BI72: =BG72*BH72 -> 0 | BL72: =BJ72*BK72 -> 0 | BO72: =BM72*BN72 -> 0 | BR72: =BP72*BQ72 -> 0 | BS72: 0.25 | BT72: 60000 | BU72: =BS72*BT72 -> 15000 | BX72: =BV72*BW72 -> 0 | CA72: =BY72*BZ72 -> 0 | CD72: =CB72*CC72 -> 0 | CG72: =CE72*CF72 -> 0 | CJ72: =CH72*CI72 -> 0 | CM72: =CK72*CL72 -> 0 | CP72: =CN72*CO72 -> 0 | CS72: =CQ72*CR72 -> 0 | CT72: =E72+H72+K72+N72+Q72+T72+W72+Z72+AC72+AF72+AI72+AL72+AO72+AR72+AU72+AX72+BA72+BD72+BG72+BJ72+BM72+BP72+BS72+BV72+BY72+CB72+CE72+CH72+CK72+CN72+CQ72 -> 0.25 | CU72: =G72+J72+M72+P72+S72+V72+Y72+AB72+AE72+AH72+AK72+AN72+AQ72+AT72+AW72+AZ72+BC72+BF72+BI72+BL72+BO72+BR72+BU72+BX72+CA72+CD72+CG72+CJ72+CM72+CP72+CS72 -> 15000
B73: Kentang | C73: kg | D73: 17000 | G73: =E73*F73 -> 0 | J73: =H73*I73 -> 0 | M73: =K73*L73 -> 0 | P73: =N73*O73 -> 0 | S73: =Q73*R73 -> 0 | V73: =T73*U73 -> 0 | Y73: =W73*X73 -> 0 | AB73: =Z73*AA73 -> 0 | AE73: =AC73*AD73 -> 0 | AH73: =AF73*AG73 -> 0 | AK73: =AI73*AJ73 -> 0 | AN73: =AL73*AM73 -> 0 | AO73: 1 | AP73: 18000 | AQ73: =AO73*AP73 -> 18000 | AR73: 2 | AS73: 17000 | AT73: =AR73*AS73 -> 34000 | AW73: =AU73*AV73 -> 0 | AZ73: =AX73*AY73 -> 0 | BC73: =BA73*BB73 -> 0 | BF73: =BD73*BE73 -> 0 | BI73: =BG73*BH73 -> 0 | BJ73: 1 | BK73: 18000 | BL73: =BJ73*BK73 -> 18000 | BO73: =BM73*BN73 -> 0 | BR73: =BP73*BQ73 -> 0 | BU73: =BS73*BT73 -> 0 | BX73: =BV73*BW73 -> 0 | CA73: =BY73*BZ73 -> 0 | CD73: =CB73*CC73 -> 0 | CG73: =CE73*CF73 -> 0 | CJ73: =CH73*CI73 -> 0 | CM73: =CK73*CL73 -> 0 | CP73: =CN73*CO73 -> 0 | CS73: =CQ73*CR73 -> 0 | CT73: =E73+H73+K73+N73+Q73+T73+W73+Z73+AC73+AF73+AI73+AL73+AO73+AR73+AU73+AX73+BA73+BD73+BG73+BJ73+BM73+BP73+BS73+BV73+BY73+CB73+CE73+CH73+CK73+CN73+CQ73 -> 4 | CU73: =G73+J73+M73+P73+S73+V73+Y73+AB73+AE73+AH73+AK73+AN73+AQ73+AT73+AW73+AZ73+BC73+BF73+BI73+BL73+BO73+BR73+BU73+BX73+CA73+CD73+CG73+CJ73+CM73+CP73+CS73 -> 70000
B74: Kol | C74: kg | G74: =E74*F74 -> 0 | J74: =H74*I74 -> 0 | M74: =K74*L74 -> 0 | P74: =N74*O74 -> 0 | S74: =Q74*R74 -> 0 | V74: =T74*U74 -> 0 | Y74: =W74*X74 -> 0 | AB74: =Z74*AA74 -> 0 | AE74: =AC74*AD74 -> 0 | AH74: =AF74*AG74 -> 0 | AK74: =AI74*AJ74 -> 0 | AN74: =AL74*AM74 -> 0 | AQ74: =AO74*AP74 -> 0 | AT74: =AR74*AS74 -> 0 | AW74: =AU74*AV74 -> 0 | AZ74: =AX74*AY74 -> 0 | BC74: =BA74*BB74 -> 0 | BF74: =BD74*BE74 -> 0 | BI74: =BG74*BH74 -> 0 | BL74: =BJ74*BK74 -> 0 | BO74: =BM74*BN74 -> 0 | BR74: =BP74*BQ74 -> 0 | BU74: =BS74*BT74 -> 0 | BX74: =BV74*BW74 -> 0 | CA74: =BY74*BZ74 -> 0 | CD74: =CB74*CC74 -> 0 | CG74: =CE74*CF74 -> 0 | CJ74: =CH74*CI74 -> 0 | CM74: =CK74*CL74 -> 0 | CP74: =CN74*CO74 -> 0 | CS74: =CQ74*CR74 -> 0 | CT74: =E74+H74+K74+N74+Q74+T74+W74+Z74+AC74+AF74+AI74+AL74+AO74+AR74+AU74+AX74+BA74+BD74+BG74+BJ74+BM74+BP74+BS74+BV74+BY74+CB74+CE74+CH74+CK74+CN74+CQ74 -> 0 | CU74: =G74+J74+M74+P74+S74+V74+Y74+AB74+AE74+AH74+AK74+AN74+AQ74+AT74+AW74+AZ74+BC74+BF74+BI74+BL74+BO74+BR74+BU74+BX74+CA74+CD74+CG74+CJ74+CM74+CP74+CS74 -> 0
B75: Labu Siam | C75: kg | D75: 15000 | G75: =E75*F75 -> 0 | H75: 4 | I75: 15000 | J75: =H75*I75 -> 60000 | M75: =K75*L75 -> 0 | P75: =N75*O75 -> 0 | S75: =Q75*R75 -> 0 | V75: =T75*U75 -> 0 | Y75: =W75*X75 -> 0 | AB75: =Z75*AA75 -> 0 | AE75: =AC75*AD75 -> 0 | AH75: =AF75*AG75 -> 0 | AK75: =AI75*AJ75 -> 0 | AN75: =AL75*AM75 -> 0 | AQ75: =AO75*AP75 -> 0 | AT75: =AR75*AS75 -> 0 | AW75: =AU75*AV75 -> 0 | AZ75: =AX75*AY75 -> 0 | BA75: 1 | BB75: 20000 | BC75: =BA75*BB75 -> 20000 | BF75: =BD75*BE75 -> 0 | BI75: =BG75*BH75 -> 0 | BL75: =BJ75*BK75 -> 0 | BO75: =BM75*BN75 -> 0 | BR75: =BP75*BQ75 -> 0 | BU75: =BS75*BT75 -> 0 | BX75: =BV75*BW75 -> 0 | CA75: =BY75*BZ75 -> 0 | CD75: =CB75*CC75 -> 0 | CG75: =CE75*CF75 -> 0 | CJ75: =CH75*CI75 -> 0 | CM75: =CK75*CL75 -> 0 | CP75: =CN75*CO75 -> 0 | CS75: =CQ75*CR75 -> 0 | CT75: =E75+H75+K75+N75+Q75+T75+W75+Z75+AC75+AF75+AI75+AL75+AO75+AR75+AU75+AX75+BA75+BD75+BG75+BJ75+BM75+BP75+BS75+BV75+BY75+CB75+CE75+CH75+CK75+CN75+CQ75 -> 5 | CU75: =G75+J75+M75+P75+S75+V75+Y75+AB75+AE75+AH75+AK75+AN75+AQ75+AT75+AW75+AZ75+BC75+BF75+BI75+BL75+BO75+BR75+BU75+BX75+CA75+CD75+CG75+CJ75+CM75+CP75+CS75 -> 80000
B76: Oyong | C76: kg | G76: =E76*F76 -> 0 | J76: =H76*I76 -> 0 | M76: =K76*L76 -> 0 | P76: =N76*O76 -> 0 | S76: =Q76*R76 -> 0 | V76: =T76*U76 -> 0 | Y76: =W76*X76 -> 0 | AB76: =Z76*AA76 -> 0 | AE76: =AC76*AD76 -> 0 | AH76: =AF76*AG76 -> 0 | AK76: =AI76*AJ76 -> 0 | AN76: =AL76*AM76 -> 0 | AQ76: =AO76*AP76 -> 0 | AT76: =AR76*AS76 -> 0 | AW76: =AU76*AV76 -> 0 | AZ76: =AX76*AY76 -> 0 | BC76: =BA76*BB76 -> 0 | BF76: =BD76*BE76 -> 0 | BI76: =BG76*BH76 -> 0 | BL76: =BJ76*BK76 -> 0 | BO76: =BM76*BN76 -> 0 | BR76: =BP76*BQ76 -> 0 | BU76: =BS76*BT76 -> 0 | BX76: =BV76*BW76 -> 0 | CA76: =BY76*BZ76 -> 0 | CD76: =CB76*CC76 -> 0 | CG76: =CE76*CF76 -> 0 | CJ76: =CH76*CI76 -> 0 | CM76: =CK76*CL76 -> 0 | CP76: =CN76*CO76 -> 0 | CS76: =CQ76*CR76 -> 0 | CT76: =E76+H76+K76+N76+Q76+T76+W76+Z76+AC76+AF76+AI76+AL76+AO76+AR76+AU76+AX76+BA76+BD76+BG76+BJ76+BM76+BP76+BS76+BV76+BY76+CB76+CE76+CH76+CK76+CN76+CQ76 -> 0 | CU76: =G76+J76+M76+P76+S76+V76+Y76+AB76+AE76+AH76+AK76+AN76+AQ76+AT76+AW76+AZ76+BC76+BF76+BI76+BL76+BO76+BR76+BU76+BX76+CA76+CD76+CG76+CJ76+CM76+CP76+CS76 -> 0
B77: Petersally | C77: Ikat | G77: =E77*F77 -> 0 | J77: =H77*I77 -> 0 | M77: =K77*L77 -> 0 | P77: =N77*O77 -> 0 | S77: =Q77*R77 -> 0 | V77: =T77*U77 -> 0 | Y77: =W77*X77 -> 0 | AB77: =Z77*AA77 -> 0 | AE77: =AC77*AD77 -> 0 | AH77: =AF77*AG77 -> 0 | AK77: =AI77*AJ77 -> 0 | AN77: =AL77*AM77 -> 0 | AQ77: =AO77*AP77 -> 0 | AT77: =AR77*AS77 -> 0 | AW77: =AU77*AV77 -> 0 | AZ77: =AX77*AY77 -> 0 | BC77: =BA77*BB77 -> 0 | BF77: =BD77*BE77 -> 0 | BI77: =BG77*BH77 -> 0 | BL77: =BJ77*BK77 -> 0 | BO77: =BM77*BN77 -> 0 | BR77: =BP77*BQ77 -> 0 | BU77: =BS77*BT77 -> 0 | BX77: =BV77*BW77 -> 0 | CA77: =BY77*BZ77 -> 0 | CD77: =CB77*CC77 -> 0 | CG77: =CE77*CF77 -> 0 | CJ77: =CH77*CI77 -> 0 | CM77: =CK77*CL77 -> 0 | CP77: =CN77*CO77 -> 0 | CS77: =CQ77*CR77 -> 0 | CT77: =E77+H77+K77+N77+Q77+T77+W77+Z77+AC77+AF77+AI77+AL77+AO77+AR77+AU77+AX77+BA77+BD77+BG77+BJ77+BM77+BP77+BS77+BV77+BY77+CB77+CE77+CH77+CK77+CN77+CQ77 -> 0 | CU77: =G77+J77+M77+P77+S77+V77+Y77+AB77+AE77+AH77+AK77+AN77+AQ77+AT77+AW77+AZ77+BC77+BF77+BI77+BL77+BO77+BR77+BU77+BX77+CA77+CD77+CG77+CJ77+CM77+CP77+CS77 -> 0
B78: Sawi Putih | C78: kg | G78: =E78*F78 -> 0 | J78: =H78*I78 -> 0 | M78: =K78*L78 -> 0 | P78: =N78*O78 -> 0 | S78: =Q78*R78 -> 0 | V78: =T78*U78 -> 0 | Y78: =W78*X78 -> 0 | AB78: =Z78*AA78 -> 0 | AE78: =AC78*AD78 -> 0 | AH78: =AF78*AG78 -> 0 | AK78: =AI78*AJ78 -> 0 | AN78: =AL78*AM78 -> 0 | AQ78: =AO78*AP78 -> 0 | AT78: =AR78*AS78 -> 0 | AW78: =AU78*AV78 -> 0 | AZ78: =AX78*AY78 -> 0 | BC78: =BA78*BB78 -> 0 | BF78: =BD78*BE78 -> 0 | BI78: =BG78*BH78 -> 0 | BL78: =BJ78*BK78 -> 0 | BO78: =BM78*BN78 -> 0 | BR78: =BP78*BQ78 -> 0 | BU78: =BS78*BT78 -> 0 | BX78: =BV78*BW78 -> 0 | CA78: =BY78*BZ78 -> 0 | CD78: =CB78*CC78 -> 0 | CG78: =CE78*CF78 -> 0 | CJ78: =CH78*CI78 -> 0 | CM78: =CK78*CL78 -> 0 | CP78: =CN78*CO78 -> 0 | CS78: =CQ78*CR78 -> 0 | CT78: =E78+H78+K78+N78+Q78+T78+W78+Z78+AC78+AF78+AI78+AL78+AO78+AR78+AU78+AX78+BA78+BD78+BG78+BJ78+BM78+BP78+BS78+BV78+BY78+CB78+CE78+CH78+CK78+CN78+CQ78 -> 0 | CU78: =G78+J78+M78+P78+S78+V78+Y78+AB78+AE78+AH78+AK78+AN78+AQ78+AT78+AW78+AZ78+BC78+BF78+BI78+BL78+BO78+BR78+BU78+BX78+CA78+CD78+CG78+CJ78+CM78+CP78+CS78 -> 0
B79: Selada | C79: kg | D79: 34000 | G79: =E79*F79 -> 0 | J79: =H79*I79 -> 0 | M79: =K79*L79 -> 0 | P79: =N79*O79 -> 0 | S79: =Q79*R79 -> 0 | V79: =T79*U79 -> 0 | Y79: =W79*X79 -> 0 | AB79: =Z79*AA79 -> 0 | AE79: =AC79*AD79 -> 0 | AH79: =AF79*AG79 -> 0 | AK79: =AI79*AJ79 -> 0 | AN79: =AL79*AM79 -> 0 | AQ79: =AO79*AP79 -> 0 | AT79: =AR79*AS79 -> 0 | AW79: =AU79*AV79 -> 0 | AZ79: =AX79*AY79 -> 0 | BC79: =BA79*BB79 -> 0 | BF79: =BD79*BE79 -> 0 | BI79: =BG79*BH79 -> 0 | BL79: =BJ79*BK79 -> 0 | BO79: =BM79*BN79 -> 0 | BR79: =BP79*BQ79 -> 0 | BU79: =BS79*BT79 -> 0 | BX79: =BV79*BW79 -> 0 | CA79: =BY79*BZ79 -> 0 | CD79: =CB79*CC79 -> 0 | CG79: =CE79*CF79 -> 0 | CH79: 0.5 | CI79: 34000 | CJ79: =CH79*CI79 -> 17000 | CM79: =CK79*CL79 -> 0 | CP79: =CN79*CO79 -> 0 | CS79: =CQ79*CR79 -> 0 | CT79: =E79+H79+K79+N79+Q79+T79+W79+Z79+AC79+AF79+AI79+AL79+AO79+AR79+AU79+AX79+BA79+BD79+BG79+BJ79+BM79+BP79+BS79+BV79+BY79+CB79+CE79+CH79+CK79+CN79+CQ79 -> 0.5 | CU79: =G79+J79+M79+P79+S79+V79+Y79+AB79+AE79+AH79+AK79+AN79+AQ79+AT79+AW79+AZ79+BC79+BF79+BI79+BL79+BO79+BR79+BU79+BX79+CA79+CD79+CG79+CJ79+CM79+CP79+CS79 -> 17000
B80: Tauge | C80: kg | D80: 16000 | G80: =E80*F80 -> 0 | J80: =H80*I80 -> 0 | M80: =K80*L80 -> 0 | P80: =N80*O80 -> 0 | S80: =Q80*R80 -> 0 | V80: =T80*U80 -> 0 | Y80: =W80*X80 -> 0 | AB80: =Z80*AA80 -> 0 | AE80: =AC80*AD80 -> 0 | AH80: =AF80*AG80 -> 0 | AK80: =AI80*AJ80 -> 0 | AN80: =AL80*AM80 -> 0 | AQ80: =AO80*AP80 -> 0 | AT80: =AR80*AS80 -> 0 | AW80: =AU80*AV80 -> 0 | AZ80: =AX80*AY80 -> 0 | BC80: =BA80*BB80 -> 0 | BF80: =BD80*BE80 -> 0 | BI80: =BG80*BH80 -> 0 | BL80: =BJ80*BK80 -> 0 | BO80: =BM80*BN80 -> 0 | BR80: =BP80*BQ80 -> 0 | BU80: =BS80*BT80 -> 0 | BV80: 0.25 | BW80: 20000 | BX80: =BV80*BW80 -> 5000 | CA80: =BY80*BZ80 -> 0 | CD80: =CB80*CC80 -> 0 | CG80: =CE80*CF80 -> 0 | CJ80: =CH80*CI80 -> 0 | CM80: =CK80*CL80 -> 0 | CP80: =CN80*CO80 -> 0 | CS80: =CQ80*CR80 -> 0 | CT80: =E80+H80+K80+N80+Q80+T80+W80+Z80+AC80+AF80+AI80+AL80+AO80+AR80+AU80+AX80+BA80+BD80+BG80+BJ80+BM80+BP80+BS80+BV80+BY80+CB80+CE80+CH80+CK80+CN80+CQ80 -> 0.25 | CU80: =G80+J80+M80+P80+S80+V80+Y80+AB80+AE80+AH80+AK80+AN80+AQ80+AT80+AW80+AZ80+BC80+BF80+BI80+BL80+BO80+BR80+BU80+BX80+CA80+CD80+CG80+CJ80+CM80+CP80+CS80 -> 5000
B81: Terong Ungu | C81: kg | G81: =E81*F81 -> 0 | J81: =H81*I81 -> 0 | M81: =K81*L81 -> 0 | P81: =N81*O81 -> 0 | S81: =Q81*R81 -> 0 | V81: =T81*U81 -> 0 | Y81: =W81*X81 -> 0 | AB81: =Z81*AA81 -> 0 | AE81: =AC81*AD81 -> 0 | AH81: =AF81*AG81 -> 0 | AK81: =AI81*AJ81 -> 0 | AN81: =AL81*AM81 -> 0 | AQ81: =AO81*AP81 -> 0 | AT81: =AR81*AS81 -> 0 | AW81: =AU81*AV81 -> 0 | AZ81: =AX81*AY81 -> 0 | BC81: =BA81*BB81 -> 0 | BF81: =BD81*BE81 -> 0 | BI81: =BG81*BH81 -> 0 | BL81: =BJ81*BK81 -> 0 | BO81: =BM81*BN81 -> 0 | BR81: =BP81*BQ81 -> 0 | BU81: =BS81*BT81 -> 0 | BX81: =BV81*BW81 -> 0 | CA81: =BY81*BZ81 -> 0 | CD81: =CB81*CC81 -> 0 | CG81: =CE81*CF81 -> 0 | CJ81: =CH81*CI81 -> 0 | CM81: =CK81*CL81 -> 0 | CP81: =CN81*CO81 -> 0 | CS81: =CQ81*CR81 -> 0 | CT81: =E81+H81+K81+N81+Q81+T81+W81+Z81+AC81+AF81+AI81+AL81+AO81+AR81+AU81+AX81+BA81+BD81+BG81+BJ81+BM81+BP81+BS81+BV81+BY81+CB81+CE81+CH81+CK81+CN81+CQ81 -> 0 | CU81: =G81+J81+M81+P81+S81+V81+Y81+AB81+AE81+AH81+AK81+AN81+AQ81+AT81+AW81+AZ81+BC81+BF81+BI81+BL81+BO81+BR81+BU81+BX81+CA81+CD81+CG81+CJ81+CM81+CP81+CS81 -> 0
B82: Timun | C82: kg | G82: =E82*F82 -> 0 | J82: =H82*I82 -> 0 | M82: =K82*L82 -> 0 | N82: 0.5 | O82: 14000 | P82: =N82*O82 -> 7000 | S82: =Q82*R82 -> 0 | V82: =T82*U82 -> 0 | Y82: =W82*X82 -> 0 | AB82: =Z82*AA82 -> 0 | AE82: =AC82*AD82 -> 0 | AH82: =AF82*AG82 -> 0 | AK82: =AI82*AJ82 -> 0 | AN82: =AL82*AM82 -> 0 | AQ82: =AO82*AP82 -> 0 | AT82: =AR82*AS82 -> 0 | AW82: =AU82*AV82 -> 0 | AZ82: =AX82*AY82 -> 0 | BA82: 1 | BB82: 15000 | BC82: =BA82*BB82 -> 15000 | BD82: 1 | BE82: 15000 | BF82: =BD82*BE82 -> 15000 | BI82: =BG82*BH82 -> 0 | BL82: =BJ82*BK82 -> 0 | BO82: =BM82*BN82 -> 0 | BR82: =BP82*BQ82 -> 0 | BU82: =BS82*BT82 -> 0 | BV82: 0.5 | BW82: 16000 | BX82: =BV82*BW82 -> 8000 | CA82: =BY82*BZ82 -> 0 | CD82: =CB82*CC82 -> 0 | CG82: =CE82*CF82 -> 0 | CJ82: =CH82*CI82 -> 0 | CM82: =CK82*CL82 -> 0 | CP82: =CN82*CO82 -> 0 | CS82: =CQ82*CR82 -> 0 | CT82: =E82+H82+K82+N82+Q82+T82+W82+Z82+AC82+AF82+AI82+AL82+AO82+AR82+AU82+AX82+BA82+BD82+BG82+BJ82+BM82+BP82+BS82+BV82+BY82+CB82+CE82+CH82+CK82+CN82+CQ82 -> 3 | CU82: =G82+J82+M82+P82+S82+V82+Y82+AB82+AE82+AH82+AK82+AN82+AQ82+AT82+AW82+AZ82+BC82+BF82+BI82+BL82+BO82+BR82+BU82+BX82+CA82+CD82+CG82+CJ82+CM82+CP82+CS82 -> 45000
B83: Tomat | C83: kg | D83: 16000 | G83: =E83*F83 -> 0 | H83: 1 | I83: 14000 | J83: =H83*I83 -> 14000 | M83: =K83*L83 -> 0 | N83: 0.5 | O83: 14000 | P83: =N83*O83 -> 7000 | S83: =Q83*R83 -> 0 | V83: =T83*U83 -> 0 | Y83: =W83*X83 -> 0 | AB83: =Z83*AA83 -> 0 | AE83: =AC83*AD83 -> 0 | AF83: 1 | AG83: 12000 | AH83: =AF83*AG83 -> 12000 | AK83: =AI83*AJ83 -> 0 | AN83: =AL83*AM83 -> 0 | AQ83: =AO83*AP83 -> 0 | AT83: =AR83*AS83 -> 0 | AW83: =AU83*AV83 -> 0 | AZ83: =AX83*AY83 -> 0 | BC83: =BA83*BB83 -> 0 | BF83: =BD83*BE83 -> 0 | BI83: =BG83*BH83 -> 0 | BJ83: 1 | BK83: 15000 | BL83: =BJ83*BK83 -> 15000 | BO83: =BM83*BN83 -> 0 | BR83: =BP83*BQ83 -> 0 | BU83: =BS83*BT83 -> 0 | BV83: 1 | BW83: 15000 | BX83: =BV83*BW83 -> 15000 | CA83: =BY83*BZ83 -> 0 | CB83: 1 | CC83: 15000 | CD83: =CB83*CC83 -> 15000 | CG83: =CE83*CF83 -> 0 | CJ83: =CH83*CI83 -> 0 | CM83: =CK83*CL83 -> 0 | CP83: =CN83*CO83 -> 0 | CS83: =CQ83*CR83 -> 0 | CT83: =E83+H83+K83+N83+Q83+T83+W83+Z83+AC83+AF83+AI83+AL83+AO83+AR83+AU83+AX83+BA83+BD83+BG83+BJ83+BM83+BP83+BS83+BV83+BY83+CB83+CE83+CH83+CK83+CN83+CQ83 -> 5.5 | CU83: =G83+J83+M83+P83+S83+V83+Y83+AB83+AE83+AH83+AK83+AN83+AQ83+AT83+AW83+AZ83+BC83+BF83+BI83+BL83+BO83+BR83+BU83+BX83+CA83+CD83+CG83+CJ83+CM83+CP83+CS83 -> 78000
B84: Wortel | C84: kg | D84: 16000 | E84: 5 | F84: 17000 | G84: =E84*F84 -> 85000 | H84: 8 | I84: 17000 | J84: =H84*I84 -> 136000 | M84: =K84*L84 -> 0 | P84: =N84*O84 -> 0 | S84: =Q84*R84 -> 0 | T84: 8 | U84: 17000 | V84: =T84*U84 -> 136000 | Y84: =W84*X84 -> 0 | AB84: =Z84*AA84 -> 0 | AE84: =AC84*AD84 -> 0 | AH84: =AF84*AG84 -> 0 | AI84: 5 | AJ84: 20000 | AK84: =AI84*AJ84 -> 100000 | AN84: =AL84*AM84 -> 0 | AQ84: =AO84*AP84 -> 0 | AT84: =AR84*AS84 -> 0 | AW84: =AU84*AV84 -> 0 | AZ84: =AX84*AY84 -> 0 | BC84: =BA84*BB84 -> 0 | BF84: =BD84*BE84 -> 0 | BI84: =BG84*BH84 -> 0 | BL84: =BJ84*BK84 -> 0 | BO84: =BM84*BN84 -> 0 | BP84: 10 | BQ84: 17000 | BR84: =BP84*BQ84 -> 170000 | BS84: 8 | BT84: 17000 | BU84: =BS84*BT84 -> 136000 | BX84: =BV84*BW84 -> 0 | CA84: =BY84*BZ84 -> 0 | CB84: 8 | CC84: 17000 | CD84: =CB84*CC84 -> 136000 | CG84: =CE84*CF84 -> 0 | CJ84: =CH84*CI84 -> 0 | CM84: =CK84*CL84 -> 0 | CP84: =CN84*CO84 -> 0 | CS84: =CQ84*CR84 -> 0 | CT84: =E84+H84+K84+N84+Q84+T84+W84+Z84+AC84+AF84+AI84+AL84+AO84+AR84+AU84+AX84+BA84+BD84+BG84+BJ84+BM84+BP84+BS84+BV84+BY84+CB84+CE84+CH84+CK84+CN84+CQ84 -> 52 | CU84: =G84+J84+M84+P84+S84+V84+Y84+AB84+AE84+AH84+AK84+AN84+AQ84+AT84+AW84+AZ84+BC84+BF84+BI84+BL84+BO84+BR84+BU84+BX84+CA84+CD84+CG84+CJ84+CM84+CP84+CS84 -> 899000
B85: Gol Santan
B86: Kelapa Parut | C86: btr | G86: =E86*F86 -> 0 | J86: =H86*I86 -> 0 | M86: =K86*L86 -> 0 | P86: =N86*O86 -> 0 | S86: =Q86*R86 -> 0 | V86: =T86*U86 -> 0 | Y86: =W86*X86 -> 0 | AB86: =Z86*AA86 -> 0 | AE86: =AC86*AD86 -> 0 | AH86: =AF86*AG86 -> 0 | AK86: =AI86*AJ86 -> 0 | AN86: =AL86*AM86 -> 0 | AQ86: =AO86*AP86 -> 0 | AT86: =AR86*AS86 -> 0 | AW86: =AU86*AV86 -> 0 | AZ86: =AX86*AY86 -> 0 | BC86: =BA86*BB86 -> 0 | BF86: =BD86*BE86 -> 0 | BI86: =BG86*BH86 -> 0 | BL86: =BJ86*BK86 -> 0 | BO86: =BM86*BN86 -> 0 | BR86: =BP86*BQ86 -> 0 | BU86: =BS86*BT86 -> 0 | BX86: =BV86*BW86 -> 0 | CA86: =BY86*BZ86 -> 0 | CD86: =CB86*CC86 -> 0 | CG86: =CE86*CF86 -> 0 | CJ86: =CH86*CI86 -> 0 | CM86: =CK86*CL86 -> 0 | CP86: =CN86*CO86 -> 0 | CS86: =CQ86*CR86 -> 0 | CT86: =E86+H86+K86+N86+Q86+T86+W86+Z86+AC86+AF86+AI86+AL86+AO86+AR86+AU86+AX86+BA86+BD86+BG86+BJ86+BM86+BP86+BS86+BV86+BY86+CB86+CE86+CH86+CK86+CN86+CQ86 -> 0 | CU86: =G86+J86+M86+P86+S86+V86+Y86+AB86+AE86+AH86+AK86+AN86+AQ86+AT86+AW86+AZ86+BC86+BF86+BI86+BL86+BO86+BR86+BU86+BX86+CA86+CD86+CG86+CJ86+CM86+CP86+CS86 -> 0
B87: Santan Kara 200ml | C87: bh | D87: 11000 | G87: =E87*F87 -> 0 | J87: =H87*I87 -> 0 | M87: =K87*L87 -> 0 | P87: =N87*O87 -> 0 | S87: =Q87*R87 -> 0 | V87: =T87*U87 -> 0 | Y87: =W87*X87 -> 0 | Z87: 3 | AA87: 17000 | AB87: =Z87*AA87 -> 51000 | AE87: =AC87*AD87 -> 0 | AH87: =AF87*AG87 -> 0 | AK87: =AI87*AJ87 -> 0 | AN87: =AL87*AM87 -> 0 | AQ87: =AO87*AP87 -> 0 | AT87: =AR87*AS87 -> 0 | AW87: =AU87*AV87 -> 0 | AZ87: =AX87*AY87 -> 0 | BC87: =BA87*BB87 -> 0 | BF87: =BD87*BE87 -> 0 | BG87: 3 | BH87: 17000 | BI87: =BG87*BH87 -> 51000 | BL87: =BJ87*BK87 -> 0 | BO87: =BM87*BN87 -> 0 | BR87: =BP87*BQ87 -> 0 | BU87: =BS87*BT87 -> 0 | BX87: =BV87*BW87 -> 0 | CA87: =BY87*BZ87 -> 0 | CD87: =CB87*CC87 -> 0 | CG87: =CE87*CF87 -> 0 | CJ87: =CH87*CI87 -> 0 | CK87: 2 | CL87: 17000 | CM87: =CK87*CL87 -> 34000 | CP87: =CN87*CO87 -> 0 | CS87: =CQ87*CR87 -> 0 | CT87: =E87+H87+K87+N87+Q87+T87+W87+Z87+AC87+AF87+AI87+AL87+AO87+AR87+AU87+AX87+BA87+BD87+BG87+BJ87+BM87+BP87+BS87+BV87+BY87+CB87+CE87+CH87+CK87+CN87+CQ87 -> 8 | CU87: =G87+J87+M87+P87+S87+V87+Y87+AB87+AE87+AH87+AK87+AN87+AQ87+AT87+AW87+AZ87+BC87+BF87+BI87+BL87+BO87+BR87+BU87+BX87+CA87+CD87+CG87+CJ87+CM87+CP87+CS87 -> 136000
B88: Gol BM Kering
B89: Bihun | C89: bh | D89: 10000 | G89: =E89*F89 -> 0 | J89: =H89*I89 -> 0 | M89: =K89*L89 -> 0 | P89: =N89*O89 -> 0 | S89: =Q89*R89 -> 0 | V89: =T89*U89 -> 0 | Y89: =W89*X89 -> 0 | AB89: =Z89*AA89 -> 0 | AE89: =AC89*AD89 -> 0 | AH89: =AF89*AG89 -> 0 | AK89: =AI89*AJ89 -> 0 | AN89: =AL89*AM89 -> 0 | AQ89: =AO89*AP89 -> 0 | AT89: =AR89*AS89 -> 0 | AW89: =AU89*AV89 -> 0 | AZ89: =AX89*AY89 -> 0 | BC89: =BA89*BB89 -> 0 | BF89: =BD89*BE89 -> 0 | BI89: =BG89*BH89 -> 0 | BL89: =BJ89*BK89 -> 0 | BO89: =BM89*BN89 -> 0 | BR89: =BP89*BQ89 -> 0 | BU89: =BS89*BT89 -> 0 | BX89: =BV89*BW89 -> 0 | CA89: =BY89*BZ89 -> 0 | CD89: =CB89*CC89 -> 0 | CG89: =CE89*CF89 -> 0 | CJ89: =CH89*CI89 -> 0 | CM89: =CK89*CL89 -> 0 | CP89: =CN89*CO89 -> 0 | CS89: =CQ89*CR89 -> 0 | CT89: =E89+H89+K89+N89+Q89+T89+W89+Z89+AC89+AF89+AI89+AL89+AO89+AR89+AU89+AX89+BA89+BD89+BG89+BJ89+BM89+BP89+BS89+BV89+BY89+CB89+CE89+CH89+CK89+CN89+CQ89 -> 0 | CU89: =G89+J89+M89+P89+S89+V89+Y89+AB89+AE89+AH89+AK89+AN89+AQ89+AT89+AW89+AZ89+BC89+BF89+BI89+BL89+BO89+BR89+BU89+BX89+CA89+CD89+CG89+CJ89+CM89+CP89+CS89 -> 0
B90: Cuka 150 ml (dixi) | C90: btl | D90: 5000 | G90: =E90*F90 -> 0 | J90: =H90*I90 -> 0 | M90: =K90*L90 -> 0 | P90: =N90*O90 -> 0 | S90: =Q90*R90 -> 0 | V90: =T90*U90 -> 0 | Y90: =W90*X90 -> 0 | AB90: =Z90*AA90 -> 0 | AE90: =AC90*AD90 -> 0 | AH90: =AF90*AG90 -> 0 | AK90: =AI90*AJ90 -> 0 | AN90: =AL90*AM90 -> 0 | AQ90: =AO90*AP90 -> 0 | AT90: =AR90*AS90 -> 0 | AW90: =AU90*AV90 -> 0 | AZ90: =AX90*AY90 -> 0 | BC90: =BA90*BB90 -> 0 | BF90: =BD90*BE90 -> 0 | BI90: =BG90*BH90 -> 0 | BL90: =BJ90*BK90 -> 0 | BO90: =BM90*BN90 -> 0 | BR90: =BP90*BQ90 -> 0 | BU90: =BS90*BT90 -> 0 | BX90: =BV90*BW90 -> 0 | CA90: =BY90*BZ90 -> 0 | CD90: =CB90*CC90 -> 0 | CG90: =CE90*CF90 -> 0 | CJ90: =CH90*CI90 -> 0 | CM90: =CK90*CL90 -> 0 | CP90: =CN90*CO90 -> 0 | CS90: =CQ90*CR90 -> 0 | CT90: =E90+H90+K90+N90+Q90+T90+W90+Z90+AC90+AF90+AI90+AL90+AO90+AR90+AU90+AX90+BA90+BD90+BG90+BJ90+BM90+BP90+BS90+BV90+BY90+CB90+CE90+CH90+CK90+CN90+CQ90 -> 0 | CU90: =G90+J90+M90+P90+S90+V90+Y90+AB90+AE90+AH90+AK90+AN90+AQ90+AT90+AW90+AZ90+BC90+BF90+BI90+BL90+BO90+BR90+BU90+BX90+CA90+CD90+CG90+CJ90+CM90+CP90+CS90 -> 0
B91: Kerupuk Udang | C91: kg | D91: 42000 | G91: =E91*F91 -> 0 | J91: =H91*I91 -> 0 | M91: =K91*L91 -> 0 | P91: =N91*O91 -> 0 | S91: =Q91*R91 -> 0 | V91: =T91*U91 -> 0 | Y91: =W91*X91 -> 0 | AB91: =Z91*AA91 -> 0 | AE91: =AC91*AD91 -> 0 | AH91: =AF91*AG91 -> 0 | AK91: =AI91*AJ91 -> 0 | AN91: =AL91*AM91 -> 0 | AQ91: =AO91*AP91 -> 0 | AT91: =AR91*AS91 -> 0 | AW91: =AU91*AV91 -> 0 | AZ91: =AX91*AY91 -> 0 | BC91: =BA91*BB91 -> 0 | BF91: =BD91*BE91 -> 0 | BI91: =BG91*BH91 -> 0 | BL91: =BJ91*BK91 -> 0 | BO91: =BM91*BN91 -> 0 | BR91: =BP91*BQ91 -> 0 | BU91: =BS91*BT91 -> 0 | BX91: =BV91*BW91 -> 0 | CA91: =BY91*BZ91 -> 0 | CD91: =CB91*CC91 -> 0 | CG91: =CE91*CF91 -> 0 | CJ91: =CH91*CI91 -> 0 | CM91: =CK91*CL91 -> 0 | CP91: =CN91*CO91 -> 0 | CS91: =CQ91*CR91 -> 0 | CT91: =E91+H91+K91+N91+Q91+T91+W91+Z91+AC91+AF91+AI91+AL91+AO91+AR91+AU91+AX91+BA91+BD91+BG91+BJ91+BM91+BP91+BS91+BV91+BY91+CB91+CE91+CH91+CK91+CN91+CQ91 -> 0 | CU91: =G91+J91+M91+P91+S91+V91+Y91+AB91+AE91+AH91+AK91+AN91+AQ91+AT91+AW91+AZ91+BC91+BF91+BI91+BL91+BO91+BR91+BU91+BX91+CA91+CD91+CG91+CJ91+CM91+CP91+CS91 -> 0
B92: Kembang Tahu | C92: pack | AZ92: =AX92*AY92 -> 0 | BL92: =BJ92*BK92 -> 0
B93: Kulit Pangsit | C93: pack | D93: 10000 | G93: =E93*F93 -> 0 | J93: =H93*I93 -> 0 | K93: 1 | L93: 10000 | M93: =K93*L93 -> 10000 | P93: =N93*O93 -> 0 | S93: =Q93*R93 -> 0 | V93: =T93*U93 -> 0 | Y93: =W93*X93 -> 0 | AB93: =Z93*AA93 -> 0 | AE93: =AC93*AD93 -> 0 | AH93: =AF93*AG93 -> 0 | AK93: =AI93*AJ93 -> 0 | AN93: =AL93*AM93 -> 0 | AQ93: =AO93*AP93 -> 0 | AT93: =AR93*AS93 -> 0 | AW93: =AU93*AV93 -> 0 | AZ93: =AX93*AY93 -> 0 | BC93: =BA93*BB93 -> 0 | BF93: =BD93*BE93 -> 0 | BI93: =BG93*BH93 -> 0 | BL93: =BJ93*BK93 -> 0 | BO93: =BM93*BN93 -> 0 | BR93: =BP93*BQ93 -> 0 | BU93: =BS93*BT93 -> 0 | BX93: =BV93*BW93 -> 0 | CA93: =BY93*BZ93 -> 0 | CD93: =CB93*CC93 -> 0 | CG93: =CE93*CF93 -> 0 | CJ93: =CH93*CI93 -> 0 | CM93: =CK93*CL93 -> 0 | CP93: =CN93*CO93 -> 0 | CS93: =CQ93*CR93 -> 0 | CT93: =E93+H93+K93+N93+Q93+T93+W93+Z93+AC93+AF93+AI93+AL93+AO93+AR93+AU93+AX93+BA93+BD93+BG93+BJ93+BM93+BP93+BS93+BV93+BY93+CB93+CE93+CH93+CK93+CN93+CQ93 -> 1 | CU93: =G93+J93+M93+P93+S93+V93+Y93+AB93+AE93+AH93+AK93+AN93+AQ93+AT93+AW93+AZ93+BC93+BF93+BI93+BL93+BO93+BR93+BU93+BX93+CA93+CD93+CG93+CJ93+CM93+CP93+CS93 -> 10000
B94: Kulit Tahu | C94: Pack | D94: 15000 | G94: =E94*F94 -> 0 | J94: =H94*I94 -> 0 | M94: =K94*L94 -> 0 | P94: =N94*O94 -> 0 | S94: =Q94*R94 -> 0 | V94: =T94*U94 -> 0 | Y94: =W94*X94 -> 0 | AB94: =Z94*AA94 -> 0 | AE94: =AC94*AD94 -> 0 | AH94: =AF94*AG94 -> 0 | AK94: =AI94*AJ94 -> 0 | AN94: =AL94*AM94 -> 0 | AQ94: =AO94*AP94 -> 0 | AT94: =AR94*AS94 -> 0 | AW94: =AU94*AV94 -> 0 | AZ94: =AX94*AY94 -> 0 | BC94: =BA94*BB94 -> 0 | BF94: =BD94*BE94 -> 0 | BI94: =BG94*BH94 -> 0 | BL94: =BJ94*BK94 -> 0 | BO94: =BM94*BN94 -> 0 | BR94: =BP94*BQ94 -> 0 | BU94: =BS94*BT94 -> 0 | BX94: =BV94*BW94 -> 0 | CA94: =BY94*BZ94 -> 0 | CB94: 1 | CC94: 16000 | CD94: =CB94*CC94 -> 16000 | CG94: =CE94*CF94 -> 0 | CJ94: =CH94*CI94 -> 0 | CM94: =CK94*CL94 -> 0 | CP94: =CN94*CO94 -> 0 | CS94: =CQ94*CR94 -> 0 | CT94: =E94+H94+K94+N94+Q94+T94+W94+Z94+AC94+AF94+AI94+AL94+AO94+AR94+AU94+AX94+BA94+BD94+BG94+BJ94+BM94+BP94+BS94+BV94+BY94+CB94+CE94+CH94+CK94+CN94+CQ94 -> 1 | CU94: =G94+J94+M94+P94+S94+V94+Y94+AB94+AE94+AH94+AK94+AN94+AQ94+AT94+AW94+AZ94+BC94+BF94+BI94+BL94+BO94+BR94+BU94+BX94+CA94+CD94+CG94+CJ94+CM94+CP94+CS94 -> 16000
B95: Kwetiau | C95: bks | D95: 8000 | G95: =E95*F95 -> 0 | J95: =H95*I95 -> 0 | M95: =K95*L95 -> 0 | P95: =N95*O95 -> 0 | S95: =Q95*R95 -> 0 | V95: =T95*U95 -> 0 | Y95: =W95*X95 -> 0 | AB95: =Z95*AA95 -> 0 | AE95: =AC95*AD95 -> 0 | AH95: =AF95*AG95 -> 0 | AK95: =AI95*AJ95 -> 0 | AN95: =AL95*AM95 -> 0 | AQ95: =AO95*AP95 -> 0 | AT95: =AR95*AS95 -> 0 | AW95: =AU95*AV95 -> 0 | AZ95: =AX95*AY95 -> 0 | BC95: =BA95*BB95 -> 0 | BF95: =BD95*BE95 -> 0 | BI95: =BG95*BH95 -> 0 | BL95: =BJ95*BK95 -> 0 | BO95: =BM95*BN95 -> 0 | BR95: =BP95*BQ95 -> 0 | BU95: =BS95*BT95 -> 0 | BX95: =BV95*BW95 -> 0 | CA95: =BY95*BZ95 -> 0 | CD95: =CB95*CC95 -> 0 | CG95: =CE95*CF95 -> 0 | CJ95: =CH95*CI95 -> 0 | CM95: =CK95*CL95 -> 0 | CP95: =CN95*CO95 -> 0 | CS95: =CQ95*CR95 -> 0 | CT95: =E95+H95+K95+N95+Q95+T95+W95+Z95+AC95+AF95+AI95+AL95+AO95+AR95+AU95+AX95+BA95+BD95+BG95+BJ95+BM95+BP95+BS95+BV95+BY95+CB95+CE95+CH95+CK95+CN95+CQ95 -> 0 | CU95: =G95+J95+M95+P95+S95+V95+Y95+AB95+AE95+AH95+AK95+AN95+AQ95+AT95+AW95+AZ95+BC95+BF95+BI95+BL95+BO95+BR95+BU95+BX95+CA95+CD95+CG95+CJ95+CM95+CP95+CS95 -> 0
B96: Makaroni | C96: bks | D96: 22000 | G96: =E96*F96 -> 0 | J96: =H96*I96 -> 0 | M96: =K96*L96 -> 0 | P96: =N96*O96 -> 0 | S96: =Q96*R96 -> 0 | V96: =T96*U96 -> 0 | Y96: =W96*X96 -> 0 | AB96: =Z96*AA96 -> 0 | AE96: =AC96*AD96 -> 0 | AH96: =AF96*AG96 -> 0 | AK96: =AI96*AJ96 -> 0 | AN96: =AL96*AM96 -> 0 | AQ96: =AO96*AP96 -> 0 | AT96: =AR96*AS96 -> 0 | AW96: =AU96*AV96 -> 0 | AZ96: =AX96*AY96 -> 0 | BC96: =BA96*BB96 -> 0 | BF96: =BD96*BE96 -> 0 | BI96: =BG96*BH96 -> 0 | BL96: =BJ96*BK96 -> 0 | BO96: =BM96*BN96 -> 0 | BR96: =BP96*BQ96 -> 0 | BU96: =BS96*BT96 -> 0 | BX96: =BV96*BW96 -> 0 | CA96: =BY96*BZ96 -> 0 | CD96: =CB96*CC96 -> 0 | CG96: =CE96*CF96 -> 0 | CJ96: =CH96*CI96 -> 0 | CM96: =CK96*CL96 -> 0 | CP96: =CN96*CO96 -> 0 | CS96: =CQ96*CR96 -> 0 | CT96: =E96+H96+K96+N96+Q96+T96+W96+Z96+AC96+AF96+AI96+AL96+AO96+AR96+AU96+AX96+BA96+BD96+BG96+BJ96+BM96+BP96+BS96+BV96+BY96+CB96+CE96+CH96+CK96+CN96+CQ96 -> 0 | CU96: =G96+J96+M96+P96+S96+V96+Y96+AB96+AE96+AH96+AK96+AN96+AQ96+AT96+AW96+AZ96+BC96+BF96+BI96+BL96+BO96+BR96+BU96+BX96+CA96+CD96+CG96+CJ96+CM96+CP96+CS96 -> 0
B97: Misoa | C97: bks | D97: 7000 | G97: =E97*F97 -> 0 | J97: =H97*I97 -> 0 | M97: =K97*L97 -> 0 | P97: =N97*O97 -> 0 | S97: =Q97*R97 -> 0 | V97: =T97*U97 -> 0 | Y97: =W97*X97 -> 0 | AB97: =Z97*AA97 -> 0 | AE97: =AC97*AD97 -> 0 | AH97: =AF97*AG97 -> 0 | AK97: =AI97*AJ97 -> 0 | AN97: =AL97*AM97 -> 0 | AQ97: =AO97*AP97 -> 0 | AT97: =AR97*AS97 -> 0 | AW97: =AU97*AV97 -> 0 | AZ97: =AX97*AY97 -> 0 | BC97: =BA97*BB97 -> 0 | BF97: =BD97*BE97 -> 0 | BI97: =BG97*BH97 -> 0 | BL97: =BJ97*BK97 -> 0 | BO97: =BM97*BN97 -> 0 | BR97: =BP97*BQ97 -> 0 | BU97: =BS97*BT97 -> 0 | BX97: =BV97*BW97 -> 0 | CA97: =BY97*BZ97 -> 0 | CD97: =CB97*CC97 -> 0 | CG97: =CE97*CF97 -> 0 | CJ97: =CH97*CI97 -> 0 | CK97: 4 | CL97: 12000 | CM97: =CK97*CL97 -> 48000 | CP97: =CN97*CO97 -> 0 | CS97: =CQ97*CR97 -> 0 | CT97: =E97+H97+K97+N97+Q97+T97+W97+Z97+AC97+AF97+AI97+AL97+AO97+AR97+AU97+AX97+BA97+BD97+BG97+BJ97+BM97+BP97+BS97+BV97+BY97+CB97+CE97+CH97+CK97+CN97+CQ97 -> 4 | CU97: =G97+J97+M97+P97+S97+V97+Y97+AB97+AE97+AH97+AK97+AN97+AQ97+AT97+AW97+AZ97+BC97+BF97+BI97+BL97+BO97+BR97+BU97+BX97+CA97+CD97+CG97+CJ97+CM97+CP97+CS97 -> 48000
B98: Mie telur | C98: bks | G98: =E98*F98 -> 0 | J98: =H98*I98 -> 0 | M98: =K98*L98 -> 0 | P98: =N98*O98 -> 0 | S98: =Q98*R98 -> 0 | V98: =T98*U98 -> 0 | Y98: =W98*X98 -> 0 | AB98: =Z98*AA98 -> 0 | AE98: =AC98*AD98 -> 0 | AH98: =AF98*AG98 -> 0 | AK98: =AI98*AJ98 -> 0 | AN98: =AL98*AM98 -> 0 | AQ98: =AO98*AP98 -> 0 | AT98: =AR98*AS98 -> 0 | AW98: =AU98*AV98 -> 0 | AZ98: =AX98*AY98 -> 0 | BC98: =BA98*BB98 -> 0 | BF98: =BD98*BE98 -> 0 | BI98: =BG98*BH98 -> 0 | BL98: =BJ98*BK98 -> 0 | BO98: =BM98*BN98 -> 0 | BR98: =BP98*BQ98 -> 0 | BU98: =BS98*BT98 -> 0 | BX98: =BV98*BW98 -> 0 | CA98: =BY98*BZ98 -> 0 | CD98: =CB98*CC98 -> 0 | CG98: =CE98*CF98 -> 0 | CJ98: =CH98*CI98 -> 0 | CM98: =CK98*CL98 -> 0 | CP98: =CN98*CO98 -> 0 | CS98: =CQ98*CR98 -> 0 | CT98: =E98+H98+K98+N98+Q98+T98+W98+Z98+AC98+AF98+AI98+AL98+AO98+AR98+AU98+AX98+BA98+BD98+BG98+BJ98+BM98+BP98+BS98+BV98+BY98+CB98+CE98+CH98+CK98+CN98+CQ98 -> 0 | CU98: =G98+J98+M98+P98+S98+V98+Y98+AB98+AE98+AH98+AK98+AN98+AQ98+AT98+AW98+AZ98+BC98+BF98+BI98+BL98+BO98+BR98+BU98+BX98+CA98+CD98+CG98+CJ98+CM98+CP98+CS98 -> 0
B99: Roti Tawar | C99: bks | D99: 12000 | G99: =E99*F99 -> 0 | H99: 1 | I99: 18000 | J99: =H99*I99 -> 18000 | K99: 1 | L99: 18000 | M99: =K99*L99 -> 18000 | N99: 1 | O99: 18000 | P99: =N99*O99 -> 18000 | S99: =Q99*R99 -> 0 | T99: 1 | U99: 18000 | V99: =T99*U99 -> 18000 | W99: 1 | X99: 18000 | Y99: =W99*X99 -> 18000 | AB99: =Z99*AA99 -> 0 | AE99: =AC99*AD99 -> 0 | AF99: 1 | AG99: 18000 | AH99: =AF99*AG99 -> 18000 | AK99: =AI99*AJ99 -> 0 | AL99: 1 | AM99: 18000 | AN99: =AL99*AM99 -> 18000 | AO99: 1 | AP99: 18000 | AQ99: =AO99*AP99 -> 18000 | AR99: 1 | AS99: 18000 | AT99: =AR99*AS99 -> 18000 | AW99: =AU99*AV99 -> 0 | AX99: 1 | AY99: 18000 | AZ99: =AX99*AY99 -> 18000 | BA99: 1 | BB99: 18000 | BC99: =BA99*BB99 -> 18000 | BD99: 1 | BE99: 18000 | BF99: =BD99*BE99 -> 18000 | BI99: =BG99*BH99 -> 0 | BJ99: 1 | BK99: 18000 | BL99: =BJ99*BK99 -> 18000 | BM99: 1 | BN99: 18000 | BO99: =BM99*BN99 -> 18000 | BP99: 1 | BQ99: 18000 | BR99: =BP99*BQ99 -> 18000 | BU99: =BS99*BT99 -> 0 | BV99: 1 | BW99: 18000 | BX99: =BV99*BW99 -> 18000 | BY99: 1 | BZ99: 18000 | CA99: =BY99*BZ99 -> 18000 | CB99: 1 | CC99: 18000 | CD99: =CB99*CC99 -> 18000 | CE99: 2 | CF99: 15000 | CG99: =CE99*CF99 -> 30000 | CH99: 1 | CI99: 18000 | CJ99: =CH99*CI99 -> 18000 | CM99: =CK99*CL99 -> 0 | CP99: =CN99*CO99 -> 0 | CS99: =CQ99*CR99 -> 0 | CT99: =E99+H99+K99+N99+Q99+T99+W99+Z99+AC99+AF99+AI99+AL99+AO99+AR99+AU99+AX99+BA99+BD99+BG99+BJ99+BM99+BP99+BS99+BV99+BY99+CB99+CE99+CH99+CK99+CN99+CQ99 -> 21 | CU99: =G99+J99+M99+P99+S99+V99+Y99+AB99+AE99+AH99+AK99+AN99+AQ99+AT99+AW99+AZ99+BC99+BF99+BI99+BL99+BO99+BR99+BU99+BX99+CA99+CD99+CG99+CJ99+CM99+CP99+CS99 -> 372000
B100: Roti manis | C100: bh | G100: =E100*F100 -> 0 | J100: =H100*I100 -> 0 | M100: =K100*L100 -> 0 | N100: 4 | O100: 7500 | P100: =N100*O100 -> 30000 | S100: =Q100*R100 -> 0 | V100: =T100*U100 -> 0 | Y100: =W100*X100 -> 0 | Z100: 1 | AA100: 18000 | AB100: =Z100*AA100 -> 18000 | AE100: =AC100*AD100 -> 0 | AH100: =AF100*AG100 -> 0 | AK100: =AI100*AJ100 -> 0 | AN100: =AL100*AM100 -> 0 | AQ100: =AO100*AP100 -> 0 | AT100: =AR100*AS100 -> 0 | AW100: =AU100*AV100 -> 0 | AZ100: =AX100*AY100 -> 0 | BC100: =BA100*BB100 -> 0 | BF100: =BD100*BE100 -> 0 | BG100: 1 | BH100: 18000 | BI100: =BG100*BH100 -> 18000 | BL100: =BJ100*BK100 -> 0 | BO100: =BM100*BN100 -> 0 | BR100: =BP100*BQ100 -> 0 | BU100: =BS100*BT100 -> 0 | BX100: =BV100*BW100 -> 0 | CA100: =BY100*BZ100 -> 0 | CD100: =CB100*CC100 -> 0 | CE100: 10 | CF100: 7000 | CG100: =CE100*CF100 -> 70000 | CJ100: =CH100*CI100 -> 0 | CM100: =CK100*CL100 -> 0 | CP100: =CN100*CO100 -> 0 | CS100: =CQ100*CR100 -> 0 | CT100: =E100+H100+K100+N100+Q100+T100+W100+Z100+AC100+AF100+AI100+AL100+AO100+AR100+AU100+AX100+BA100+BD100+BG100+BJ100+BM100+BP100+BS100+BV100+BY100+CB100+CE100+CH100+CK100+CN100+CQ100 -> 16 | CU100: =G100+J100+M100+P100+S100+V100+Y100+AB100+AE100+AH100+AK100+AN100+AQ100+AT100+AW100+AZ100+BC100+BF100+BI100+BL100+BO100+BR100+BU100+BX100+CA100+CD100+CG100+CJ100+CM100+CP100+CS100 -> 136000
B101: Aneka snek | C101: bh | D101: 3500 | G101: =E101*F101 -> 0 | J101: =H101*I101 -> 0 | M101: =K101*L101 -> 0 | P101: =N101*O101 -> 0 | S101: =Q101*R101 -> 0 | V101: =T101*U101 -> 0 | Y101: =W101*X101 -> 0 | AB101: =Z101*AA101 -> 0 | AE101: =AC101*AD101 -> 0 | AH101: =AF101*AG101 -> 0 | AK101: =AI101*AJ101 -> 0 | AN101: =AL101*AM101 -> 0 | AQ101: =AO101*AP101 -> 0 | AT101: =AR101*AS101 -> 0 | AW101: =AU101*AV101 -> 0 | AZ101: =AX101*AY101 -> 0 | BC101: =BA101*BB101 -> 0 | BF101: =BD101*BE101 -> 0 | BI101: =BG101*BH101 -> 0 | BL101: =BJ101*BK101 -> 0 | BO101: =BM101*BN101 -> 0 | BR101: =BP101*BQ101 -> 0 | BU101: =BS101*BT101 -> 0 | BX101: =BV101*BW101 -> 0 | CA101: =BY101*BZ101 -> 0 | CD101: =CB101*CC101 -> 0 | CG101: =CE101*CF101 -> 0 | CJ101: =CH101*CI101 -> 0 | CM101: =CK101*CL101 -> 0 | CP101: =CN101*CO101 -> 0 | CS101: =CQ101*CR101 -> 0 | CT101: =E101+H101+K101+N101+Q101+T101+W101+Z101+AC101+AF101+AI101+AL101+AO101+AR101+AU101+AX101+BA101+BD101+BG101+BJ101+BM101+BP101+BS101+BV101+BY101+CB101+CE101+CH101+CK101+CN101+CQ101 -> 0 | CU101: =G101+J101+M101+P101+S101+V101+Y101+AB101+AE101+AH101+AK101+AN101+AQ101+AT101+AW101+AZ101+BC101+BF101+BI101+BL101+BO101+BR101+BU101+BX101+CA101+CD101+CG101+CJ101+CM101+CP101+CS101 -> 0
B102: Soun | C102: bks | D102: 10000 | G102: =E102*F102 -> 0 | J102: =H102*I102 -> 0 | M102: =K102*L102 -> 0 | P102: =N102*O102 -> 0 | S102: =Q102*R102 -> 0 | V102: =T102*U102 -> 0 | Y102: =W102*X102 -> 0 | AB102: =Z102*AA102 -> 0 | AE102: =AC102*AD102 -> 0 | AH102: =AF102*AG102 -> 0 | AK102: =AI102*AJ102 -> 0 | AN102: =AL102*AM102 -> 0 | AQ102: =AO102*AP102 -> 0 | AT102: =AR102*AS102 -> 0 | AW102: =AU102*AV102 -> 0 | AZ102: =AX102*AY102 -> 0 | BC102: =BA102*BB102 -> 0 | BF102: =BD102*BE102 -> 0 | BI102: =BG102*BH102 -> 0 | BL102: =BJ102*BK102 -> 0 | BO102: =BM102*BN102 -> 0 | BR102: =BP102*BQ102 -> 0 | BU102: =BS102*BT102 -> 0 | BX102: =BV102*BW102 -> 0 | CA102: =BY102*BZ102 -> 0 | CD102: =CB102*CC102 -> 0 | CG102: =CE102*CF102 -> 0 | CJ102: =CH102*CI102 -> 0 | CM102: =CK102*CL102 -> 0 | CP102: =CN102*CO102 -> 0 | CS102: =CQ102*CR102 -> 0 | CT102: =E102+H102+K102+N102+Q102+T102+W102+Z102+AC102+AF102+AI102+AL102+AO102+AR102+AU102+AX102+BA102+BD102+BG102+BJ102+BM102+BP102+BS102+BV102+BY102+CB102+CE102+CH102+CK102+CN102+CQ102 -> 0 | CU102: =G102+J102+M102+P102+S102+V102+Y102+AB102+AE102+AH102+AK102+AN102+AQ102+AT102+AW102+AZ102+BC102+BF102+BI102+BL102+BO102+BR102+BU102+BX102+CA102+CD102+CG102+CJ102+CM102+CP102+CS102 -> 0
...

Sheet kasir
C1: GAS LPG 12kg dan GALON amides
C3: Nama B.M | D3: Satuan | F3: Tanggal | CV3: total harga
E4: harga | F4: 1 | I4: 2 | L4: 3 | O4: 4 | R4: 5 | U4: 6 | X4: 7 | AA4: 8 | AD4: 9 | AG4: 10 | AJ4: 11 | AM4: 12 | AP4: 13 | AS4: 14 | AV4: 15 | AY4: 16 | BB4: 17 | BE4: 18 | BH4: 19 | BK4: 20 | BN4: 21 | BQ4: 22 | BT4: 23 | BW4: 24 | BZ4: 25 | CC4: 26 | CF4: 27 | CI4: 28 | CL4: 29 | CO4: 30 | CR4: 31
E5: awal | F5: datang | G5: harga | H5: total | I5: datang | J5: harga | K5: total | L5: datang | M5: harga | N5: total | O5: datang | P5: harga | Q5: total | R5: datang | S5: harga | T5: total | U5: datang | V5: harga | W5: total | X5: datang | Y5: harga | Z5: total | AA5: datang | AB5: harga | AC5: total | AD5: datang | AE5: harga | AF5: total | AG5: datang | AH5: harga | AI5: total | AJ5: datang | AK5: harga | AL5: total | AM5: datang | AN5: harga | AO5: total | AP5: datang | AQ5: harga | AR5: total | AS5: datang | AT5: harga | AU5: total | AV5: datang | AW5: harga | AX5: total | AY5: datang | AZ5: harga | BA5: total | BB5: datang | BC5: harga | BD5: total | BE5: datang | BF5: harga | BG5: total | BH5: datang | BI5: harga | BJ5: total | BK5: datang | BL5: harga | BM5: total | BN5: datang | BO5: harga | BP5: total | BQ5: datang | BR5: harga | BS5: total | BT5: datang | BU5: harga | BV5: total | BW5: datang | BX5: harga | BY5: total | BZ5: datang | CA5: harga | CB5: total | CC5: datang | CD5: harga | CE5: total | CF5: datang | CG5: harga | CH5: total | CI5: datang | CJ5: harga | CK5: total | CL5: datang | CM5: harga | CN5: total | CO5: datang | CP5: harga | CQ5: total | CR5: datang | CS5: harga | CT5: total | CU5: total
C6: Gas LPG 12 kg | D6: bh | E6: 220000 | H6: =F6*G6 -> 0 | K6: =I6*J6 -> 0 | N6: =L6*M6 -> 0 | Q6: =O6*P6 -> 0 | T6: =R6*S6 -> 0 | W6: =U6*V6 -> 0 | Z6: =X6*Y6 -> 0 | AC6: =AA6*AB6 -> 0 | AF6: =AD6*AE6 -> 0 | AI6: =AG6*AH6 -> 0 | AL6: =AJ6*AK6 -> 0 | AO6: =AM6*AN6 -> 0 | AR6: =AP6*AQ6 -> 0 | AU6: =AS6*AT6 -> 0 | AX6: =AV6*AW6 -> 0 | BA6: =AY6*AZ6 -> 0 | BD6: =BB6*BC6 -> 0 | BG6: =BE6*BF6 -> 0 | BJ6: =BH6*BI6 -> 0 | BM6: =BK6*BL6 -> 0 | BP6: =BN6*BO6 -> 0 | BS6: =BQ6*BR6 -> 0 | BV6: =BT6*BU6 -> 0 | BY6: =BW6*BX6 -> 0 | CB6: =BZ6*CA6 -> 0 | CE6: =CC6*CD6 -> 0 | CH6: =CF6*CG6 -> 0 | CK6: =CI6*CJ6 -> 0 | CN6: =CL6*CM6 -> 0 | CQ6: =CO6*CP6 -> 0 | CT6: =CR6*CS6 -> 0 | CU6: =F6+I6+L6+O6+R6+U6+X6+AA6+AD6+AG6+AJ6+AM6+AP6+AS6+AV6+AY6+BB6+BE6+BH6+BK6+BN6+BQ6+BT6+BW6+BZ6+CC6+CF6+CI6+CL6+CO6+CR6 -> 0 | CV6: =H6+K6+N6+Q6+T6+W6+Z6+AC6+AF6+AI6+AL6+AO6+AR6+AU6+AX6+BA6+BD6+BG6+BJ6+BM6+BP6+BS6+BV6+BY6+CB6+CE6+CH6+CK6+CN6+CQ6+CT6 -> 0
C7: Galon Amides | D7: bh | E7: 21000 | H7: =F7*G7 -> 0 | K7: =I7*J7 -> 0 | N7: =L7*M7 -> 0 | Q7: =O7*P7 -> 0 | T7: =R7*S7 -> 0 | W7: =U7*V7 -> 0 | Z7: =X7*Y7 -> 0 | AC7: =AA7*AB7 -> 0 | AF7: =AD7*AE7 -> 0 | AI7: =AG7*AH7 -> 0 | AL7: =AJ7*AK7 -> 0 | AO7: =AM7*AN7 -> 0 | AR7: =AP7*AQ7 -> 0 | AU7: =AS7*AT7 -> 0 | AX7: =AV7*AW7 -> 0 | BA7: =AY7*AZ7 -> 0 | BD7: =BB7*BC7 -> 0 | BG7: =BE7*BF7 -> 0 | BJ7: =BH7*BI7 -> 0 | BM7: =BK7*BL7 -> 0 | BP7: =BN7*BO7 -> 0 | BS7: =BQ7*BR7 -> 0 | BV7: =BT7*BU7 -> 0 | BY7: =BW7*BX7 -> 0 | CB7: =BZ7*CA7 -> 0 | CE7: =CC7*CD7 -> 0 | CH7: =CF7*CG7 -> 0 | CK7: =CI7*CJ7 -> 0 | CN7: =CL7*CM7 -> 0 | CQ7: =CO7*CP7 -> 0 | CT7: =CR7*CS7 -> 0 | CU7: =F7+I7+L7+O7+R7+U7+X7+AA7+AD7+AG7+AJ7+AM7+AP7+AS7+AV7+AY7+BB7+BE7+BH7+BK7+BN7+BQ7+BT7+BW7+BZ7+CC7+CF7+CI7+CL7+CO7+CR7 -> 0 | CV7: =H7+K7+N7+Q7+T7+W7+Z7+AC7+AF7+AI7+AL7+AO7+AR7+AU7+AX7+BA7+BD7+BG7+BJ7+BM7+BP7+BS7+BV7+BY7+CB7+CE7+CH7+CK7+CN7+CQ7+CT7 -> 0
C8: total | H8: =SUM(H2:H7) -> 0 | K8: =SUM(K2:K7) -> 0 | N8: =SUM(N2:N7) -> 0 | Q8: =SUM(Q2:Q7) -> 0 | T8: =SUM(T2:T7) -> 0 | W8: =SUM(W2:W7) -> 0 | Z8: =SUM(Z2:Z7) -> 0 | AC8: =SUM(AC2:AC7) -> 0 | AF8: =SUM(AF2:AF7) -> 0 | AI8: =SUM(AI2:AI7) -> 0 | AL8: =SUM(AL2:AL7) -> 0 | AO8: =SUM(AO2:AO7) -> 0 | AR8: =SUM(AR2:AR7) -> 0 | AU8: =SUM(AU2:AU7) -> 0 | AX8: =SUM(AX2:AX7) -> 0 | BA8: =SUM(BA2:BA7) -> 0 | BD8: =SUM(BD2:BD7) -> 0 | BG8: =SUM(BG2:BG7) -> 0 | BJ8: =SUM(BJ2:BJ7) -> 0 | BM8: =SUM(BM2:BM7) -> 0 | BP8: =SUM(BP2:BP7) -> 0 | BS8: =SUM(BS2:BS7) -> 0 | BV8: =SUM(BV2:BV7) -> 0 | BY8: =SUM(BY2:BY7) -> 0 | CB8: =SUM(CB2:CB7) -> 0 | CE8: =SUM(CE2:CE7) -> 0 | CH8: =SUM(CH2:CH7) -> 0 | CK8: =SUM(CK2:CK7) -> 0 | CN8: =SUM(CN2:CN7) -> 0 | CQ8: =SUM(CQ2:CQ7) -> 0 | CT8: =SUM(CT2:CT7) -> 0 | CU8: =SUM(CU2:CU7) -> 0 | CV8: =SUM(CV6:CV7) -> 0
CV9: =H8+K8+N8+Q8+T8+W8+Z8+AC8+AF8+AI8+AL8+AO8+AR8+AU8+AX8+BA8+BD8+BG8+BJ8+BM8+BP8+BS8+BV8+BY8+CB8+CE8+CH8+CK8+CN8+CQ8+CT8 -> 0
C10: GAS dan GALON VIKA
C12: Nama B.M | D12: Satuan | F12: Tanggal | CV12: total harga
E13: harga | F13: 1 | I13: 2 | L13: 3 | O13: 4 | R13: 5 | U13: 6 | X13: 7 | AA13: 8 | AD13: 9 | AG13: 10 | AJ13: 11 | AM13: 12 | AP13: 13 | AS13: 14 | AV13: 15 | AY13: 16 | BB13: 17 | BE13: 18 | BH13: 19 | BK13: 20 | BN13: 21 | BQ13: 22 | BT13: 23 | BW13: 24 | BZ13: 25 | CC13: 26 | CF13: 27 | CI13: 28 | CL13: 29 | CO13: 30 | CR13: 31
E14: awal | F14: datang | G14: harga | H14: total | I14: datang | J14: harga | K14: total | L14: datang | M14: harga | N14: total | O14: datang | P14: harga | Q14: total | R14: datang | S14: harga | T14: total | U14: datang | V14: harga | W14: total | X14: datang | Y14: harga | Z14: total | AA14: datang | AB14: harga | AC14: total | AD14: datang | AE14: harga | AF14: total | AG14: datang | AH14: harga | AI14: total | AJ14: datang | AK14: harga | AL14: total | AM14: datang | AN14: harga | AO14: total | AP14: datang | AQ14: harga | AR14: total | AS14: datang | AT14: harga | AU14: total | AV14: datang | AW14: harga | AX14: total | AY14: datang | AZ14: harga | BA14: total | BB14: datang | BC14: harga | BD14: total | BE14: datang | BF14: harga | BG14: total | BH14: datang | BI14: harga | BJ14: total | BK14: datang | BL14: harga | BM14: total | BN14: datang | BO14: harga | BP14: total | BQ14: datang | BR14: harga | BS14: total | BT14: datang | BU14: harga | BV14: total | BW14: datang | BX14: harga | BY14: total | BZ14: datang | CA14: harga | CB14: total | CC14: datang | CD14: harga | CE14: total | CF14: datang | CG14: harga | CH14: total | CI14: datang | CJ14: harga | CK14: total | CL14: datang | CM14: harga | CN14: total | CO14: datang | CP14: harga | CQ14: total | CR14: datang | CS14: harga | CT14: total | CU14: total
C15: CLEO 220 ml @48 | D15: dus | E15: 22000 | H15: =F15*G15 -> 0 | I15: 8 | J15: 23500 | K15: =I15*J15 -> 188000 | L15: 6 | M15: 23500 | N15: =L15*M15 -> 141000 | O15: 10 | P15: 23500 | Q15: =O15*P15 -> 235000 | T15: =R15*S15 -> 0 | U15: 9 | V15: 23500 | W15: =U15*V15 -> 211500 | X15: 9 | Y15: 23500 | Z15: =X15*Y15 -> 211500 | AA15: 8 | AB15: 23500 | AC15: =AA15*AB15 -> 188000 | AD15: 7 | AE15: 23500 | AF15: =AD15*AE15 -> 164500 | AG15: 10 | AH15: 23500 | AI15: =AG15*AH15 -> 235000 | AJ15: 8 | AK15: 23500 | AL15: =AJ15*AK15 -> 188000 | AM15: 8 | AN15: 23500 | AO15: =AM15*AN15 -> 188000 | AP15: 7 | AQ15: 23500 | AR15: =AP15*AQ15 -> 164500 | AS15: 7 | AT15: 23500 | AU15: =AS15*AT15 -> 164500 | AV15: 8 | AW15: 23500 | AX15: =AV15*AW15 -> 188000 | AY15: 10 | AZ15: 23500 | BA15: =AY15*AZ15 -> 235000 | BB15: 8 | BC15: 23500 | BD15: =BB15*BC15 -> 188000 | BE15: 8 | BF15: 23500 | BG15: =BE15*BF15 -> 188000 | BH15: 8 | BI15: 23500 | BJ15: =BH15*BI15 -> 188000 | BK15: 7 | BL15: 23500 | BM15: =BK15*BL15 -> 164500 | BN15: 8 | BO15: 23500 | BP15: =BN15*BO15 -> 188000 | BQ15: 10 | BR15: 23500 | BS15: =BQ15*BR15 -> 235000 | BT15: 8 | BU15: 23500 | BV15: =BT15*BU15 -> 188000 | BW15: 10 | BX15: 23500 | BY15: =BW15*BX15 -> 235000 | BZ15: 7 | CA15: 23500 | CB15: =BZ15*CA15 -> 164500 | CC15: 9 | CD15: 23500 | CE15: =CC15*CD15 -> 211500 | CH15: =CF15*CG15 -> 0 | CI15: 19 | CJ15: 23500 | CK15: =CI15*CJ15 -> 446500 | CN15: =CL15*CM15 -> 0 | CQ15: =CO15*CP15 -> 0 | CT15: =CR15*CS15 -> 0 | CU15: =F15+I15+L15+O15+R15+U15+#REF!+AD15+AA15+AG15+AJ15+AM15+AP15+AS15+AV15+AY15+BB15+BE15+BH15+BK15+BN15+BQ15+BT15+BW15+BZ15+CC15+CF15+CI15+CL15+CO15+CR15 -> #REF! | CV15: =H15+K15+N15+Q15+T15+W15+#REF!+AF15+AC15+AI15+AL15+AO15+AR15+AU15+AX15+BA15+BD15+BG15+BJ15+BM15+BP15+BS15+BV15+BY15+CB15+CE15+CH15+CK15+CN15+CQ15+CT15 -> #REF!
C16: le mineral 330ml @24 | D16: dus | E16: 36000 | H16: =F16*G16 -> 0 | I16: 3 | J16: 38000 | K16: =I16*J16 -> 114000 | N16: =L16*M16 -> 0 | O16: 6 | P16: 38000 | Q16: =O16*P16 -> 228000 | T16: =R16*S16 -> 0 | W16: =U16*V16 -> 0 | Z16: =X16*Y16 -> 0 | AA16: 4 | AB16: 38000 | AC16: =AA16*AB16 -> 152000 | AF16: =AD16*AE16 -> 0 | AG16: 3 | AH16: 38000 | AI16: =AG16*AH16 -> 114000 | AL16: =AJ16*AK16 -> 0 | AO16: =AM16*AN16 -> 0 | AR16: =AP16*AQ16 -> 0 | AS16: 2 | AT16: 38000 | AU16: =AS16*AT16 -> 76000 | AV16: 4 | AW16: 38000 | AX16: =AV16*AW16 -> 152000 | AY16: 3 | AZ16: 38000 | BA16: =AY16*AZ16 -> 114000 | BB16: 1 | BC16: 38000 | BD16: =BB16*BC16 -> 38000 | BE16: 1 | BF16: 38000 | BG16: =BE16*BF16 -> 38000 | BJ16: =BH16*BI16 -> 0 | BK16: 1 | BL16: 38000 | BM16: =BK16*BL16 -> 38000 | BN16: 4 | BO16: 38000 | BP16: =BN16*BO16 -> 152000 | BQ16: 2 | BR16: 38000 | BS16: =BQ16*BR16 -> 76000 | BT16: 2 | BU16: 38000 | BV16: =BT16*BU16 -> 76000 | BW16: 2 | BX16: 38000 | BY16: =BW16*BX16 -> 76000 | CB16: =BZ16*CA16 -> 0 | CE16: =CC16*CD16 -> 0 | CH16: =CF16*CG16 -> 0 | CI16: 2 | CJ16: 38000 | CK16: =CI16*CJ16 -> 76000 | CN16: =CL16*CM16 -> 0 | CQ16: =CO16*CP16 -> 0 | CT16: =CR16*CS16 -> 0 | CU16: =F16+I16+L16+O16+R16+U16+#REF!+AD16+AA16+AG16+AJ16+AM16+AP16+AS16+AV16+AY16+BB16+BE16+BH16+BK16+BN16+BQ16+BT16+BW16+BZ16+CC16+CF16+CI16+CL16+CO16+CR16 -> #REF! | CV16: =H16+K16+N16+Q16+T16+W16+#REF!+AF16+AC16+AI16+AL16+AO16+AR16+AU16+AX16+BA16+BD16+BG16+BJ16+BM16+BP16+BS16+BV16+BY16+CB16+CE16+CH16+CK16+CN16+CQ16+CT16 -> #REF!
C17: le mineral 600 ml | D17: dus | E17: 46000 | H17: =F17*G17 -> 0 | I17: 3 | J17: 47000 | K17: =I17*J17 -> 141000 | L17: 2 | M17: 47000 | N17: =L17*M17 -> 94000 | O17: 2 | P17: 47000 | Q17: =O17*P17 -> 94000 | T17: =R17*S17 -> 0 | U17: 1 | V17: 47000 | W17: =U17*V17 -> 47000 | X17: 2 | Y17: 47000 | Z17: =X17*Y17 -> 94000 | AA17: 2 | AB17: 47000 | AC17: =AA17*AB17 -> 94000 | AD17: 4 | AE17: 47000 | AF17: =AD17*AE17 -> 188000 | AG17: 4 | AH17: 47000 | AI17: =AG17*AH17 -> 188000 | AJ17: 1 | AK17: 47000 | AL17: =AJ17*AK17 -> 47000 | AM17: 4 | AN17: 47000 | AO17: =AM17*AN17 -> 188000 | AP17: 1 | AQ17: 47000 | AR17: =AP17*AQ17 -> 47000 | AS17: 3 | AT17: 47000 | AU17: =AS17*AT17 -> 141000 | AV17: 4 | AW17: 47000 | AX17: =AV17*AW17 -> 188000 | AY17: 2 | AZ17: 47000 | BA17: =AY17*AZ17 -> 94000 | BB17: 3 | BC17: 47000 | BD17: =BB17*BC17 -> 141000 | BE17: 2 | BF17: 47000 | BG17: =BE17*BF17 -> 94000 | BH17: 2 | BI17: 47000 | BJ17: =BH17*BI17 -> 94000 | BK17: 2 | BL17: 47000 | BM17: =BK17*BL17 -> 94000 | BN17: 6 | BO17: 47000 | BP17: =BN17*BO17 -> 282000 | BQ17: 2 | BR17: 47000 | BS17: =BQ17*BR17 -> 94000 | BT17: 3 | BU17: 47000 | BV17: =BT17*BU17 -> 141000 | BW17: 2 | BX17: 47000 | BY17: =BW17*BX17 -> 94000 | BZ17: 4 | CA17: 47000 | CB17: =BZ17*CA17 -> 188000 | CE17: =CC17*CD17 -> 0 | CH17: =CF17*CG17 -> 0 | CI17: 3 | CJ17: 47000 | CK17: =CI17*CJ17 -> 141000 | CN17: =CL17*CM17 -> 0 | CQ17: =CO17*CP17 -> 0 | CT17: =CR17*CS17 -> 0 | CU17: =F17+I17+L17+O17+R17+U17+#REF!+AD17+AA17+AG17+AJ17+AM17+AP17+AS17+AV17+AY17+BB17+BE17+BH17+BK17+BN17+BQ17+BT17+BW17+BZ17+CC17+CF17+CI17+CL17+CO17+CR17 -> #REF! | CV17: =H17+K17+N17+Q17+T17+W17+#REF!+AF17+AC17+AI17+AL17+AO17+AR17+AU17+AX17+BA17+BD17+BG17+BJ17+BM17+BP17+BS17+BV17+BY17+CB17+CE17+CH17+CK17+CN17+CQ17+CT17 -> #REF!
C18: Sanqua 550 ml | D18: dus | E18: 30000 | H18: =F18*G18 -> 0 | K18: =I18*J18 -> 0 | L18: 2 | M18: 33000 | N18: =L18*M18 -> 66000 | Q18: =O18*P18 -> 0 | T18: =R18*S18 -> 0 | W18: =U18*V18 -> 0 | Z18: =X18*Y18 -> 0 | AA18: 1 | AB18: 33000 | AC18: =AA18*AB18 -> 33000 | AD18: 2 | AE18: 33000 | AF18: =AD18*AE18 -> 66000 | AI18: =AG18*AH18 -> 0 | AJ18: 1 | AK18: 33000 | AL18: =AJ18*AK18 -> 33000 | AO18: =AM18*AN18 -> 0 | AP18: 2 | AQ18: 33000 | AR18: =AP18*AQ18 -> 66000 | AU18: =AS18*AT18 -> 0 | AX18: =AV18*AW18 -> 0 | BA18: =AY18*AZ18 -> 0 | BB18: 2 | BC18: 33000 | BD18: =BB18*BC18 -> 66000 | BE18: 2 | BF18: 33000 | BG18: =BE18*BF18 -> 66000 | BH18: 7 | BI18: 33000 | BJ18: =BH18*BI18 -> 231000 | BK18: 1 | BL18: 33000 | BM18: =BK18*BL18 -> 33000 | BP18: =BN18*BO18 -> 0 | BS18: =BQ18*BR18 -> 0 | BT18: 1 | BU18: 33000 | BV18: =BT18*BU18 -> 33000 | BW18: 2 | BX18: 33000 | BY18: =BW18*BX18 -> 66000 | CB18: =BZ18*CA18 -> 0 | CC18: 1 | CD18: 33000 | CE18: =CC18*CD18 -> 33000 | CH18: =CF18*CG18 -> 0 | CK18: =CI18*CJ18 -> 0 | CN18: =CL18*CM18 -> 0 | CQ18: =CO18*CP18 -> 0 | CT18: =CR18*CS18 -> 0 | CU18: =F18+I18+L18+O18+R18+U18+#REF!+AD18+AA18+AG18+AJ18+AM18+AP18+AS18+AV18+AY18+BB18+BE18+BH18+BK18+BN18+BQ18+BT18+BW18+BZ18+CC18+CF18+CI18+CL18+CO18+CR18 -> #REF! | CV18: =H18+K18+N18+Q18+T18+W18+#REF!+AF18+AC18+AI18+AL18+AO18+AR18+AU18+AX18+BA18+BD18+BG18+BJ18+BM18+BP18+BS18+BV18+BY18+CB18+CE18+CH18+CK18+CN18+CQ18+CT18 -> #REF!
C19: sanqua 1500ml @12 | D19: dus | E19: 30000 | H19: =F19*G19 -> 0 | I19: 6 | J19: 33000 | K19: =I19*J19 -> 198000 | L19: 6 | M19: 33000 | N19: =L19*M19 -> 198000 | O19: 7 | P19: 33000 | Q19: =O19*P19 -> 231000 | T19: =R19*S19 -> 0 | U19: 3 | V19: 33000 | W19: =U19*V19 -> 99000 | X19: 6 | Y19: 33000 | Z19: =X19*Y19 -> 198000 | AA19: 6 | AB19: 33000 | AC19: =AA19*AB19 -> 198000 | AD19: 8 | AE19: 33000 | AF19: =AD19*AE19 -> 264000 | AG19: 10 | AH19: 33000 | AI19: =AG19*AH19 -> 330000 | AJ19: 8 | AK19: 33000 | AL19: =AJ19*AK19 -> 264000 | AM19: 4 | AN19: 33000 | AO19: =AM19*AN19 -> 132000 | AP19: 7 | AQ19: 33000 | AR19: =AP19*AQ19 -> 231000 | AS19: 7 | AT19: 33000 | AU19: =AS19*AT19 -> 231000 | AV19: 7 | AW19: 33000 | AX19: =AV19*AW19 -> 231000 | AY19: 8 | AZ19: 33000 | BA19: =AY19*AZ19 -> 264000 | BB19: 8 | BC19: 33000 | BD19: =BB19*BC19 -> 264000 | BE19: 7 | BF19: 33000 | BG19: =BE19*BF19 -> 231000 | BJ19: =BH19*BI19 -> 0 | BK19: 8 | BL19: 33000 | BM19: =BK19*BL19 -> 264000 | BN19: 8 | BO19: 33000 | BP19: =BN19*BO19 -> 264000 | BQ19: 7 | BR19: 33000 | BS19: =BQ19*BR19 -> 231000 | BT19: 8 | BU19: 33000 | BV19: =BT19*BU19 -> 264000 | BW19: 7 | BX19: 33000 | BY19: =BW19*BX19 -> 231000 | BZ19: 8 | CA19: 33000 | CB19: =BZ19*CA19 -> 264000 | CC19: 5 | CD19: 99000 | CE19: =CC19*CD19 -> 495000 | CH19: =CF19*CG19 -> 0 | CI19: 10 | CJ19: 33000 | CK19: =CI19*CJ19 -> 330000 | CN19: =CL19*CM19 -> 0 | CQ19: =CO19*CP19 -> 0 | CT19: =CR19*CS19 -> 0 | CU19: =F19+I19+L19+O19+R19+U19+#REF!+AD19+AA19+AG19+AJ19+AM19+AP19+AS19+AV19+AY19+BB19+BE19+BH19+BK19+BN19+BQ19+BT19+BW19+BZ19+CC19+CF19+CI19+CL19+CO19+CR19 -> #REF! | CV19: =H19+K19+N19+Q19+T19+W19+#REF!+AF19+AC19+AI19+AL19+AO19+AR19+AU19+AX19+BA19+BD19+BG19+BJ19+BM19+BP19+BS19+BV19+BY19+CB19+CE19+CH19+CK19+CN19+CQ19+CT19 -> #REF!
C20: Galon | D20: gln | E20: 15500 | H20: =F20*G20 -> 0 | I20: 13 | J20: 17500 | K20: =I20*J20 -> 227500 | L20: 15 | M20: 17500 | N20: =L20*M20 -> 262500 | O20: 14 | P20: 17500 | Q20: =O20*P20 -> 245000 | T20: =R20*S20 -> 0 | U20: 12 | V20: 17500 | W20: =U20*V20 -> 210000 | X20: 13 | Y20: 17500 | Z20: =X20*Y20 -> 227500 | AA20: 14 | AB20: 17500 | AC20: =AA20*AB20 -> 245000 | AD20: 13 | AE20: 17500 | AF20: =AD20*AE20 -> 227500 | AG20: 22 | AH20: 17500 | AI20: =AG20*AH20 -> 385000 | AJ20: 15 | AK20: 17500 | AL20: =AJ20*AK20 -> 262500 | AM20: 12 | AN20: 17500 | AO20: =AM20*AN20 -> 210000 | AP20: 23 | AQ20: 17500 | AR20: =AP20*AQ20 -> 402500 | AS20: 13 | AT20: 17500 | AU20: =AS20*AT20 -> 227500 | AV20: 8 | AW20: 17500 | AX20: =AV20*AW20 -> 140000 | AY20: 14 | AZ20: 17500 | BA20: =AY20*AZ20 -> 245000 | BB20: 17 | BC20: 17500 | BD20: =BB20*BC20 -> 297500 | BE20: 13 | BF20: 17500 | BG20: =BE20*BF20 -> 227500 | BH20: 15 | BI20: 17500 | BJ20: =BH20*BI20 -> 262500 | BK20: 12 | BL20: 17500 | BM20: =BK20*BL20 -> 210000 | BN20: 15 | BO20: 17500 | BP20: =BN20*BO20 -> 262500 | BQ20: 15 | BR20: 17500 | BS20: =BQ20*BR20 -> 262500 | BT20: 20 | BU20: 17500 | BV20: =BT20*BU20 -> 350000 | BW20: 20 | BX20: 17500 | BY20: =BW20*BX20 -> 350000 | BZ20: 18 | CA20: 17500 | CB20: =BZ20*CA20 -> 315000 | CC20: 14 | CD20: 17500 | CE20: =CC20*CD20 -> 245000 | CH20: =CF20*CG20 -> 0 | CI20: 26 | CJ20: 17500 | CK20: =CI20*CJ20 -> 455000 | CN20: =CL20*CM20 -> 0 | CQ20: =CO20*CP20 -> 0 | CT20: =CR20*CS20 -> 0 | CU20: =F20+I20+L20+O20+R20+U20+#REF!+AD20+#REF!+AG20+AJ20+AM20+AP20+AS20+AV20+AY20+BB20+BE20+BH20+BK20+BN20+BQ20+BT20+BW20+BZ20+CC20+CF20+CI20+CL20+CO20+CR20 -> #REF! | CV20: =H20+K20+N20+Q20+T20+W20+#REF!+AF20+#REF!+AI20+AL20+AO20+AR20+AU20+AX20+BA20+BD20+BG20+BJ20+BM20+BP20+BS20+BV20+BY20+CB20+CE20+CH20+CK20+CN20+CQ20+CT20 -> #REF!
C21: GALON CLEO | D21: gln | E21: 18000 | CK21: =CI21*CJ21 -> 0 | CQ21: =CO21*CP21 -> 0
C22: Gas | D22: tbg | E22: 19500 | H22: =F22*G22 -> 0 | K22: =I22*J22 -> 0 | N22: =L22*M22 -> 0 | Q22: =O22*P22 -> 0 | T22: =R22*S22 -> 0 | W22: =U22*V22 -> 0 | Z22: =X22*Y22 -> 0 | AC22: =AA22*AB22 -> 0 | AF22: =AD22*AE22 -> 0 | AI22: =AG22*AH22 -> 0 | AL22: =AJ22*AK22 -> 0 | AO22: =AM22*AN22 -> 0 | AP22: 2 | AQ22: 230000 | AR22: =AP22*AQ22 -> 460000 | AU22: =AS22*AT22 -> 0 | AX22: =AV22*AW22 -> 0 | BA22: =AY22*AZ22 -> 0 | BD22: =BB22*BC22 -> 0 | BG22: =BE22*BF22 -> 0 | BJ22: =BH22*BI22 -> 0 | BM22: =BK22*BL22 -> 0 | BP22: =BN22*BO22 -> 0 | BS22: =BQ22*BR22 -> 0 | BV22: =BT22*BU22 -> 0 | BY22: =BW22*BX22 -> 0 | CB22: =BZ22*CA22 -> 0 | CE22: =CC22*CD22 -> 0 | CH22: =CF22*CG22 -> 0 | CK22: =CI22*CJ22 -> 0 | CN22: =CL22*CM22 -> 0 | CQ22: =CO22*CP22 -> 0 | CT22: =CR22*CS22 -> 0 | CU22: =F22+I22+L22+O22+R22+U22+X22+AA22+AD22+AG22+AJ22+AM22+AP22+AS22+AV22+AY22+BB22+BE22+BH22+BK22+BN22+BQ22+BT22+BW22+BZ22+CC22+CF22+CI22+CL22+CO22+CR22 -> 2 | CV22: =H22+K22+N22+Q22+T22+W22+Z22+AC22+AF22+AI22+AL22+AO22+AR22+AU22+AX22+BA22+BD22+BG22+BJ22+BM22+BP22+BS22+BV22+BY22+CB22+CE22+CH22+CK22+CN22+CQ22+CT22 -> 460000
C23: Total | H23: =SUM(H15:H22) -> 0 | K23: =SUM(K15:K22) -> 868500 | N23: =SUM(N15:N22) -> 761500 | Q23: =SUM(Q15:Q22) -> 1033000 | T23: =SUM(T15:T22) -> 0 | W23: =SUM(W15:W22) -> 567500 | Z23: =SUM(Z15:Z22) -> 731000 | AC23: =SUM(AC15:AC22) -> 910000 | AF23: =SUM(AF15:AF22) -> 910000 | AI23: =SUM(AI15:AI22) -> 1252000 | AL23: =SUM(AL15:AL22) -> 794500 | AO23: =SUM(AO15:AO22) -> 718000 | AR23: =SUM(AR15:AR22) -> 1371000 | AU23: =SUM(AU15:AU22) -> 840000 | AX23: =SUM(AX15:AX22) -> 899000 | BA23: =SUM(BA15:BA22) -> 952000 | BD23: =SUM(BD15:BD22) -> 994500 | BG23: =SUM(BG15:BG22) -> 844500 | BJ23: =SUM(BJ15:BJ22) -> 775500 | BM23: =SUM(BM15:BM22) -> 803500 | BP23: =SUM(BP15:BP22) -> 1148500 | BS23: =SUM(BS15:BS22) -> 898500 | BU23: ` | BV23: =SUM(BV15:BV22) -> 1052000 | BY23: =SUM(BY15:BY22) -> 1052000 | CB23: =SUM(CB15:CB22) -> 931500 | CE23: =SUM(CE15:CE22) -> 984500 | CH23: =SUM(CH15:CH22) -> 0 | CK23: =SUM(CK15:CK22) -> 1448500 | CN23: =SUM(CN15:CN22) -> 0 | CQ23: =SUM(CQ15:CQ22) -> 0 | CU23: =SUM(CU15:CU22) -> #REF! | CV23: =SUM(CV15:CV22) -> #REF!
CV24: =H23+K23+N23+Q23+T23+W23+Z23+AC23+AF23+AI23+AL23+AO23+AR23+AU23+AX23+BA23+BD23+BG23+BJ23+BM23+BP23+BS23+BV23+BY23+CB23+CE23+CH23+CK23+CN23+CQ23+CT23 -> 23541500
C25: Telur Dolla
C27: Nama B.M | D27: Satuan | F27: Tanggal | CV27: total harga
E28: harga | F28: 1 | I28: 2 | L28: 3 | O28: 4 | R28: 5 | U28: 6 | X28: 7 | AA28: 8 | AD28: 9 | AG28: 10 | AJ28: 11 | AM28: 12 | AP28: 13 | AS28: 14 | AV28: 15 | AY28: 16 | BB28: 17 | BE28: 18 | BH28: 19 | BK28: 20 | BN28: 21 | BQ28: 22 | BT28: 23 | BW28: 24 | BZ28: 25 | CC28: 26 | CF28: 27 | CI28: 28 | CL28: 29 | CO28: 30 | CR28: 31
E29: awal | F29: datang | G29: harga | H29: total | I29: datang | J29: harga | K29: total | L29: datang | M29: harga | N29: total | O29: datang | P29: harga | Q29: total | R29: datang | S29: harga | T29: total | U29: datang | V29: harga | W29: total | X29: datang | Y29: harga | Z29: total | AA29: datang | AB29: harga | AC29: total | AD29: datang | AE29: harga | AF29: total | AG29: datang | AH29: harga | AI29: total | AJ29: datang | AK29: harga | AL29: total | AM29: datang | AN29: harga | AO29: total | AP29: datang | AQ29: harga | AR29: total | AS29: datang | AT29: harga | AU29: total | AV29: datang | AW29: harga | AX29: total | AY29: datang | AZ29: harga | BA29: total | BB29: datang | BC29: harga | BD29: total | BE29: datang | BF29: harga | BG29: total | BH29: datang | BI29: harga | BJ29: total | BK29: datang | BL29: harga | BM29: total | BN29: datang | BO29: harga | BP29: total | BQ29: datang | BR29: harga | BS29: total | BT29: datang | BU29: harga | BV29: total | BW29: datang | BX29: harga | BY29: total | BZ29: datang | CA29: harga | CB29: total | CC29: datang | CD29: harga | CE29: total | CF29: datang | CG29: harga | CH29: total | CI29: datang | CJ29: harga | CK29: total | CL29: datang | CM29: harga | CN29: total | CO29: datang | CP29: harga | CQ29: total | CR29: datang | CS29: harga | CT29: total | CU29: total
